-0.012785882812499998,-0.026331421874999986,0.9831905078124997,-0.0641676328125,-0.05207940624999999,-0.029386296874999992,0.00015078490917513538,0.0006307600699308561,0.0006405157352440326,0.006034909460123955,0.0010750188948100395,0.000985162396257628,-0.019775,-0.00116,0.001038,-0.010864,-0.007935,-0.025391,0.026367,0.032288,0.022644,0.000854,-0.053711,-0.026794,0.986267,0.957031,0.944275,0.942078,0.966614,0.987915,-0.041013,0.04341,0.063916,0.075367,0.045007,-0.010653,-0.104662,-0.11931,-0.1265,-0.128098,-0.113717,-0.111586,-0.047671,-0.021572,-0.017044,-0.011452,-0.01012,-0.011185
0.0060267656250000004,-0.04983996875000001,0.9837846406250003,-0.014680703124999996,-0.025004578125000006,-0.02700821875000001,0.000010786389960383857,0.0000202203263769685,0.00012870477196432072,0.0005531528853757381,0.00020329583714345483,0.000015412841384842526,0.001038,0.002136,0.004944,0.005737,0.008606,0.006042,-0.053955,-0.053406,-0.056702,-0.056824,-0.056213,-0.054626,0.993896,0.991577,0.983582,0.980835,0.983276,0.979858,-0.019707,-0.020506,-0.018376,-0.018376,-0.018376,-0.009854,-0.057791,-0.047671,-0.034887,-0.0253,-0.024501,-0.033822,-0.034088,-0.031425,-0.028496,-0.028762,-0.029028,-0.030893
0.005584765625,-0.053262734375000016,0.9830703749999997,-0.003162484374999995,-0.022335187500000006,-0.030449492187500007,0.00004826532381865158,0.00008322334728321853,0.00013979848264566945,0.000866747359369833,0.0004378111235236221,0.0001544742091495449,0.004395,0.011292,0.010864,0.01178,0.01062,0.008667,-0.054443,-0.052124,-0.055298,-0.055664,-0.055237,-0.058044,0.981201,0.97522,0.980347,0.983704,0.986328,0.981628,-0.025566,-0.026365,-0.032224,-0.037018,-0.034621,-0.027697,-0.030893,-0.019974,-0.001864,-0.004527,-0.017843,-0.024235,-0.022104,-0.021305,-0.018642,-0.019974,-0.022637,-0.022637
0.009831484374999996,-0.04816291406249997,0.9835519765624996,-0.011821937499999997,-0.020726867187500005,-0.027031054687499986,0.00001874070472416338,0.000005925060756336123,0.00011278120690495816,0.0007446544700748031,0.00019362425006883618,0.0000400495634694267,0.003357,0.004944,0.002563,0.012146,0.017029,0.015381,-0.044617,-0.047668,-0.050415,-0.044373,-0.047729,-0.046204,0.98584,0.987671,0.991821,0.986511,0.980774,0.980408,-0.022903,-0.033023,-0.049535,-0.055127,-0.043942,-0.036752,-0.028762,-0.028762,-0.03036,-0.027164,-0.022371,-0.021039,-0.042611,-0.043143,-0.045007,-0.041545,-0.03835,-0.039148
0.11889643750000002,0.012301468749999999,0.9676818984375001,0.13390912500000005,-0.4941578749999999,0.09924853906250002,0.023788727167948817,0.004386735246424212,0.003366784783871494,0.01791898229440944,0.24332440821159051,0.019201829888880348,0.000549,0.005737,0.009583,0.006042,0.002075,0.002136,-0.050842,-0.046143,-0.039856,-0.033264,-0.035278,-0.039734,0.931885,0.94574,0.9823,1.006042,1.00946,1.000793,0.079895,0.117445,0.116913,0.090015,0.079629,0.044208,0.147273,0.160322,0.139816,0.037284,0.009587,-0.041812,-0.016512,-0.009321,-0.009587,-0.008256,-0.010653,-0.014381
0.9059548671874997,0.03553341406250001,0.08088495312499994,-0.01771417968750001,-1.0510768828125,0.0930150859375,0.021764560331580647,0.0025370192499925568,0.13640225551451754,0.019038520013376917,0.2078461756591909,0.010217428397386258,0.491028,0.502197,0.536926,0.576843,0.604309,0.621399,0.142273,0.119324,0.1073,0.113098,0.111328,0.103943,0.836426,0.815186,0.789429,0.772095,0.765137,0.768555,0.128631,0.155262,0.167247,0.14461,0.107325,0.067911,-1.200553,-1.268464,-1.345962,-1.356881,-1.36487,-1.386708,0.278567,0.274838,0.270045,0.262854,0.247408,0.2277
0.9045391484374994,-0.013248437499999993,-0.45106650000000004,-0.0280401640625,-0.07567333593750003,-0.013671640624999998,0.00020148250458409205,0.0000728763849094488,0.0003853518967716533,0.001594401600153973,0.011890665568854757,0.00030969855401156505,0.937012,0.944275,0.941223,0.937439,0.928833,0.922302,-0.001343,0.010498,0.011902,0.004578,-0.008118,-0.02478,-0.432373,-0.446411,-0.452942,-0.459106,-0.459412,-0.453186,-0.078297,-0.100135,-0.103597,-0.099336,-0.083357,-0.071106,-0.473776,-0.443683,-0.401072,-0.36219,-0.332895,-0.308128,0.015446,0.022903,0.025034,0.02024,0.006392,-0.009587
0.8961082031250001,-0.015555843750000005,-0.45825432812500017,-0.008416015624999997,-0.029342648437499997,-0.021565367187500004,0.000005792598352116109,0.000006076798699803151,0.00006124929597022634,0.00009047396346432082,0.00015751318555259604,0.000012733318360174708,0.895691,0.895691,0.895081,0.898926,0.902527,0.900452,-0.014465,-0.013245,-0.014343,-0.015991,-0.014221,-0.010071,-0.444702,-0.431458,-0.432068,-0.44574,-0.46521,-0.473877,-0.014381,-0.018376,-0.016778,-0.017044,-0.015446,-0.005859,-0.000266,-0.021039,-0.067378,-0.072971,-0.042078,-0.018376,-0.015979,-0.015446,-0.013582,-0.013049,-0.017843,-0.020506
0.9313917265624997,0.010028851562499996,-0.31944848437499984,-0.033595343749999985,0.6893134609375003,-0.09841213281250001,0.0017977078759955092,0.0011483735942848794,0.05426044281107061,0.0036739389356131875,0.5634366662155574,0.005454409274399547,0.891907,0.896606,0.894348,0.895569,0.895081,0.893799,-0.017456,-0.019592,-0.020996,-0.016479,-0.015808,-0.016785,-0.460999,-0.480286,-0.474976,-0.459351,-0.457031,-0.450623,-0.009055,0.003728,0.006924,0.005859,0.001065,-0.013316,-0.023702,-0.01012,-0.005593,-0.022104,-0.028762,-0.043143,-0.020773,-0.023436,-0.0253,-0.022371,-0.024501,-0.023968
0.2040843906250001,0.0346365,0.8853216171875004,-0.1618827734375,0.8348552734374999,-0.21087448437499992,0.10600210597453909,0.004832493782503935,0.03668471085332475,0.012322414410255353,0.7181119194770346,0.011140906427338343,0.870911,0.853333,0.846863,0.840271,0.840576,0.846741,0.095276,0.075073,0.063354,0.054199,0.047791,0.050049,0.404358,0.403076,0.406616,0.421326,0.440979,0.46405,-0.051399,-0.032491,-0.035154,-0.077232,-0.119576,-0.165116,1.942243,1.879393,1.845038,1.864213,1.901497,1.926797,-0.234891,-0.254066,-0.272708,-0.297475,-0.302535,-0.278567
-0.04032752343750001,-0.053117273437500036,0.982813359375,-0.03336649999999999,0.003320617187500006,-0.012502328125000002,0.0005604943815899979,0.0003127973779325172,0.00044107517270447797,0.0014781150205511815,0.007134364897812929,0.0011287728118284939,0.011902,0.032532,-0.028748,-0.053467,-0.062195,-0.10791,-0.039124,-0.028137,0.008789,-0.061401,-0.024902,-0.034485,0.945068,0.95636,1.043335,1.008057,1.049744,1.01239,0.023436,-0.006392,-0.082025,-0.132625,-0.170442,-0.165915,0.220243,0.38243,0.338488,0.134756,0.003728,0.042078,-0.067112,-0.054861,0.022371,0.087618,-0.002663,-0.027164
-0.21690271875000003,-0.05342246093750001,0.9215669765625,-0.025062859375000014,0.5731373046875,-0.1471667265625,0.06048907788051872,0.0014680484559354697,0.008679677990338029,0.013948972344011561,0.23762700133363074,0.00858199167905063,-0.029114,-0.02478,-0.032349,-0.040161,-0.044006,-0.046021,-0.064575,-0.063721,-0.066711,-0.067627,-0.065735,-0.067993,0.9953,0.993103,0.988525,0.99054,0.987793,0.983948,-0.020773,-0.023702,-0.023436,-0.024235,-0.019974,-0.018109,-0.049535,-0.060454,-0.078563,-0.099336,-0.120109,-0.127033,-0.009055,-0.004794,-0.004261,-0.003462,-0.006658,-0.010653
-0.9197063124999999,-0.18929001562500003,0.22380685937499992,-0.22038279687499998,0.6223017109375003,-0.014064835937500006,0.0073825299084842545,0.0011263076368973918,0.06233186407616903,0.012020743429407229,0.047736084840049625,0.002294627985681533,-0.733337,-0.736511,-0.737427,-0.731384,-0.737915,-0.740051,-0.127319,-0.123413,-0.123291,-0.124634,-0.12915,-0.131287,0.667786,0.671204,0.67627,0.665405,0.652954,0.644348,-0.19734,-0.207194,-0.223972,-0.240483,-0.247674,-0.248207,0.848483,0.811465,0.788562,0.790426,0.801878,0.807204,0.006924,0.024767,0.038083,0.037284,0.023436,0.010386
-0.9616027031249995,-0.18383880468750005,-0.22742607812500001,-0.02818997656249999,0.08180271093750004,-0.012506492187500003,0.00012615146145447827,0.0000516458798434424,0.0026308107654269192,0.002252508620227792,0.01993031417198665,0.0001046318815117495,-0.973389,-0.97229,-0.977783,-0.980164,-0.992371,-0.990173,-0.188049,-0.189636,-0.192261,-0.188721,-0.196899,-0.190186,-0.088867,-0.098633,-0.113892,-0.118225,-0.114258,-0.118652,-0.079629,-0.11425,-0.12437,-0.140082,-0.147006,-0.141946,0.149137,0.178432,0.188019,0.209857,0.221575,0.231961,0.004794,-0.000533,-0.002131,-0.004261,-0.013582,-0.022371
-0.9626102500000001,-0.17241097656250007,-0.22769259375,-0.013904624999999993,-0.03175401562499999,-0.021409281249999995,0.00001814208140157484,0.00002804094485771407,0.0000679994506998032,0.000204847884,0.000732577238125738,0.000028383721684055116,-0.956055,-0.960938,-0.95929,-0.951843,-0.955261,-0.954773,-0.175476,-0.175781,-0.177368,-0.179749,-0.180237,-0.175659,-0.240051,-0.247803,-0.247864,-0.2547,-0.24646,-0.225952,-0.03835,-0.023702,-0.002929,0.020773,0.018109,0.006125,-0.094542,-0.086819,-0.076433,-0.058057,-0.059655,-0.074302,-0.020773,-0.022104,-0.023702,-0.023436,-0.022104,-0.016512
-0.9649858515624998,-0.16917612499999993,-0.22365097656249996,-0.004184078124999995,-0.029817015625000002,-0.022004390625,0.0000121641693085015,0.000008626496425196845,0.000053889564826218015,0.00024771374314345486,0.00024442500705487203,0.000016399869043061018,-0.965759,-0.962463,-0.958801,-0.959167,-0.960815,-0.964172,-0.169739,-0.168518,-0.167542,-0.16864,-0.171814,-0.168152,-0.231506,-0.225403,-0.22998,-0.235474,-0.236267,-0.230042,-0.021039,-0.021572,-0.017311,-0.011984,-0.009587,-0.012251,-0.027697,-0.029561,-0.025034,-0.02024,-0.019441,-0.021039,-0.024235,-0.023702,-0.023968,-0.02317,-0.024501,-0.024501
-0.9810824453124993,-0.16832878906249996,-0.12383177343750003,0.056583835937499986,-0.37550152343750004,-0.026683671875000006,0.00015188310628045027,0.000013084061632320355,0.012685902527704174,0.008765789187807517,0.10759687052267662,0.000786729004348179,-0.957825,-0.961792,-0.965942,-0.967529,-0.966125,-0.963806,-0.169861,-0.166565,-0.168518,-0.169373,-0.168945,-0.168823,-0.221069,-0.218018,-0.21582,-0.215576,-0.218262,-0.223083,0.011718,0.004261,-0.003462,-0.009854,-0.007723,-0.002131,-0.03329,-0.03835,-0.0506,-0.051932,-0.042611,-0.037018,-0.019441,-0.02024,-0.023702,-0.02317,-0.023436,-0.0253
-0.3818769453124997,-0.059443039062499974,0.7789287578124999,0.14989644531249993,-1.0668290859375003,0.22120257031250007,0.14413796473502852,0.004551088437974841,0.0671280450915393,0.08824496483846944,0.272045113428158,0.048347830152435954,-0.977356,-0.975281,-0.96521,-0.95752,-0.954102,-0.942444,-0.176697,-0.166809,-0.166443,-0.166199,-0.172729,-0.173218,0.187683,0.233215,0.246094,0.236633,0.225952,0.227966,0.425041,0.419182,0.415187,0.430101,0.459395,0.459395,-1.25062,-1.28897,-1.315602,-1.327852,-1.340902,-1.340902,-0.130229,-0.110521,-0.090547,-0.078297,-0.071373,-0.071373
0.03230047656249999,-0.006782039062499999,0.9826870234375001,0.006200171875000001,0.00032661718749999586,-0.05054599999999999,0.0003283226321254301,0.00014084302006932823,0.00009813972624354084,0.0009119818856552663,0.00047905581072631636,0.0022386100604251955,0.062866,0.063293,0.06311,0.060242,0.072998,0.066528,-0.016663,-0.014221,-0.013733,-0.007385,-0.004333,-0.00061,0.965576,0.971802,0.977234,1.003357,0.999756,1.000305,0.013582,0.010386,-0.003995,-0.012783,-0.011452,-0.002663,0.063383,0.06072,0.036752,0.007989,-0.002663,-0.016778,0.078563,0.067112,0.037284,0.006392,-0.003995,-0.021305
0.021080968750000005,-0.008162937499999998,0.9830942343750001,-0.026654492187500003,-0.021675609374999998,-0.02299680468749999,0.000033054600014763785,0.00006440151832677162,0.00009287016860605312,0.0004817117431023008,0.00045946623872810045,0.000015104879245017229,0.017883,0.017517,0.017944,0.018555,0.018494,0.018066,0.006165,0.004944,0.003662,0.002441,-0.000732,-0.000427,0.973877,0.976807,0.986328,0.986633,0.979431,0.975647,-0.026365,-0.021305,-0.023702,-0.024767,-0.023968,-0.022637,-0.019707,-0.019175,-0.020506,-0.019175,-0.017577,-0.018642,-0.02317,-0.024767,-0.021039,-0.021838,-0.022903,-0.022637
0.017147062499999994,-0.017557593749999992,0.9850716796874999,-0.014114765625,-0.018829367187499984,-0.028705992187499994,0.0002643429949724408,0.00012379169378641736,0.00010418320686509592,0.0007700467333462107,0.0008729512880924584,0.00014878296117316683,0.000977,0.000793,0.000732,0.006226,0.011108,0.011475,-0.009399,-0.008911,-0.010498,-0.015076,-0.01355,-0.019897,0.997681,0.992676,0.989136,0.986572,0.983276,0.982361,-0.019974,-0.024235,-0.027431,-0.028762,-0.031425,-0.029295,-0.004527,-0.012783,-0.018376,-0.020773,-0.019175,-0.016245,-0.026898,-0.021838,-0.015446,-0.010919,-0.007457,-0.005593
0.23598525781250002,-0.00531484375,0.9095329921875003,0.056519312499999995,-0.6744705234375001,0.15482121875000004,0.0680217697877834,0.0014652821749990162,0.013201176882795216,0.01880724906802755,0.2327647031435586,0.02457533233936909,0.159912,0.033203,0.015869,0.047119,0.049866,0.012817,-0.065552,0.009338,0.004517,-0.025391,-0.031189,-0.037354,0.994568,1.03186,1.006287,0.936584,0.879089,0.94397,-0.077232,-0.14461,-0.191481,-0.193346,-0.142479,-0.13156,-0.197607,-0.260723,-0.261789,-0.226369,-0.058856,-0.04341,-0.015446,0.011452,-0.019974,-0.03835,-0.08096,-0.099602
0.9434914765625001,0.05773210937499998,0.2434940312499999,-0.05250591406250001,-0.5505565703125002,-0.10097333593749996,0.0062311871688183465,0.0008906216979092027,0.033362350230172234,0.01686650175499256,0.08416311871922336,0.011999462617799645,0.780334,0.796509,0.781067,0.771118,0.78009,0.776306,0.025696,0.037354,0.037231,0.037109,0.041077,0.019653,0.603577,0.574646,0.564148,0.556885,0.557983,0.557556,-0.068443,-0.071106,-0.075367,-0.090015,-0.103597,-0.10626,-0.992826,-0.959803,-0.923851,-0.90148,-0.892958,-0.916127,-0.180562,-0.166181,-0.176035,-0.182427,-0.144343,-0.140082
0.9966731406250002,0.06854535937499999,-0.030035023437500006,-0.03878646093750001,-0.04604560156250004,-0.01916640625,0.0004229982198855806,0.00011975878215329724,0.0015497584068262184,0.002292593108061453,0.025042795255438437,0.0006586995437706696,1.023315,1.015625,0.997559,0.988892,0.983276,0.96991,0.089661,0.083923,0.084412,0.086426,0.0849,0.080383,0.024719,0.032288,0.051086,0.055664,0.043762,0.026917,-0.059122,-0.056992,-0.063916,-0.068976,-0.049268,-0.028496,-0.281496,-0.275637,-0.274039,-0.272974,-0.265517,-0.250071,-0.012783,0.001864,0.015713,0.027697,0.046339,0.050866
0.9954886484375001,0.06758596093750001,-0.004232859375000003,0.005288843749999996,-0.0157521875,-0.024600976562500015,0.000043208904434485716,0.000018867034415784944,0.000128442634058809,0.000380116304621063,0.0002951280007519684,0.000018646221015194397,0.997375,0.995422,0.989624,0.998596,1.008301,1.005066,0.070007,0.066406,0.063599,0.066406,0.064575,0.062256,-0.010742,-0.006897,-0.008423,-0.017395,-0.014832,0.000183,0.038882,0.046872,0.052997,0.050334,0.038882,0.0253,-0.017044,-0.018642,-0.014647,-0.001864,0.009055,0.004794,-0.021039,-0.021838,-0.023436,-0.023436,-0.024501,-0.027431
0.9955812109375004,0.06400251562499999,-0.00510265625,-0.03494157031249999,-0.0319058828125,-0.021003570312499987,0.00001663287857720227,0.000008035804440698816,0.00006766270540846455,0.00021551970714462365,0.00016048218372631643,0.000010261779522576275,0.994873,0.98761,0.984863,0.995972,1.001221,0.996094,0.068176,0.06427,0.062866,0.065063,0.067871,0.070068,0.003235,0.01123,0.007019,-0.001953,-0.003479,0.00177,-0.040214,-0.038616,-0.029561,-0.027963,-0.031692,-0.026632,-0.015713,-0.026365,-0.039947,-0.042078,-0.03835,-0.031425,-0.020506,-0.020506,-0.017577,-0.017044,-0.017044,-0.019175
0.9976391796874997,0.0639233671875,-0.008758539062500001,-0.0027734296874999996,-0.0033747499999999993,-0.027665671875000006,0.00006079826076273397,0.00001676795176174951,0.00014319360859688728,0.0018019305637273005,0.0011581109145354332,0.00002422234154502953,1.003784,1.001343,0.99939,0.998291,0.998291,0.996399,0.061829,0.059509,0.059753,0.05896,0.05896,0.061096,-0.011963,-0.008179,-0.008728,-0.007019,-0.007019,-0.003845,-0.007989,-0.004794,-0.00506,-0.00506,-0.004261,-0.000266,-0.024767,-0.015446,-0.011452,-0.011452,-0.013316,-0.018908,-0.022104,-0.029028,-0.029561,-0.029561,-0.032224,-0.031692
0.7304611484375,0.04463005468750002,0.5014405312500002,-0.055345906249999986,1.0368768359375005,-0.04287064843749999,0.07744938410746596,0.00042707533721745834,0.11098898327080219,0.01696775540888878,0.06995767360576029,0.017283409537788817,1.053467,1.05188,1.048889,1.039734,1.030701,1.028015,0.076111,0.073425,0.064575,0.054932,0.050842,0.048828,-0.000488,0.015198,0.020203,0.014648,0.012268,0.010498,-0.149936,-0.167513,-0.170709,-0.158724,-0.13449,-0.103331,0.358728,0.384028,0.406931,0.432497,0.45833,0.484429,-0.046339,-0.042877,-0.038616,-0.031159,-0.027697,-0.022903
0.009616414062500002,-0.057005874999999984,0.9852100000000001,-0.08488617187500005,0.10506797656250008,-0.16588997656249996,0.0012059306475516109,0.0007364539364409453,0.0005592703419370083,0.009879336848395415,0.06374203978978683,0.029453585685660866,0.084839,0.06311,0.055847,0.056213,0.057129,0.051208,0.026306,0.018433,0.010376,0.000488,-0.0177,-0.022827,1.01947,1.012634,0.987244,0.949585,0.965942,1.003601,-0.325172,-0.347543,-0.342749,-0.320645,-0.32171,-0.351271,0.797617,0.766191,0.761398,0.767257,0.748082,0.66073,-0.514523,-0.523045,-0.526507,-0.515588,-0.500408,-0.468716
0.01380872656250001,-0.06750964843750001,0.9816861015625001,0.008205804687500009,-0.01079625,-0.0028670859375000027,0.00005685442216873771,0.00012124032854472197,0.00011773118051716288,0.0006179601620796627,0.0004683634204094488,0.0004721817742366512,0.021545,0.028687,0.028442,0.019653,0.015869,0.019775,-0.082703,-0.084534,-0.076843,-0.084412,-0.089355,-0.085571,0.975159,0.983215,0.993774,0.992249,0.975403,0.947937,-0.009854,-0.01012,-0.014115,-0.010653,0.005326,0.025034,-0.034887,-0.031692,-0.042078,-0.05566,-0.045274,-0.006658,0.025566,0.029295,0.033822,0.034621,0.03036,0.03036
0.019718648437499996,-0.07930136718749996,0.9808750156250005,-0.035010187500000005,-0.03624187500000001,-0.025449843750000006,0.00004722952528487945,0.00010114577977749757,0.00009913873248794284,0.0007428021247992127,0.00028412566686614166,0.00002271272435334645,0.00293,0.005981,0.003662,0.000916,0.005676,0.010742,-0.05542,-0.056946,-0.05957,-0.055969,-0.057678,-0.056824,0.984863,0.979919,0.981689,0.984131,0.979492,0.975281,-0.059388,-0.056725,-0.054328,-0.052198,-0.055127,-0.06072,-0.051399,-0.049801,-0.054595,-0.056459,-0.052464,-0.04847,-0.030893,-0.031159,-0.031692,-0.029561,-0.028762,-0.029295
0.020960296875,-0.07820037500000003,0.9807281796875004,0.0018246953125000023,-0.014587054687500002,-0.02327775,0.000020240778052903558,0.00007070900020472436,0.00004797603177060776,0.00042813785474895416,0.0001844132387135212,0.000005974886362204725,0.029419,0.025146,0.029175,0.027893,0.027405,0.028015,-0.090454,-0.088318,-0.088806,-0.090027,-0.089478,-0.089905,0.978882,0.978333,0.977112,0.978455,0.980347,0.982788,-0.014115,-0.012517,-0.012517,-0.013049,-0.012783,-0.019175,-0.02024,-0.021039,-0.019175,-0.022104,-0.023968,-0.023436,-0.024501,-0.024235,-0.022371,-0.023436,-0.025566,-0.025833
0.023663070312499992,-0.07621142187499998,0.9811520625,-0.010238624999999998,-0.031897601562499996,-0.02677314843750003,0.00006620767167218257,0.00002719795139542322,0.00011728476155511798,0.0005534673444881888,0.0009419499492966906,0.0000809431583793676,0.017883,0.017151,0.014587,0.015198,0.01416,0.015747,-0.068604,-0.072021,-0.070129,-0.073364,-0.073364,-0.070129,0.968628,1.008789,1.006592,0.991455,0.981934,0.972412,0.002397,-0.016512,-0.033556,-0.040214,-0.032491,-0.010919,-0.002131,-0.042078,-0.067378,-0.06871,-0.056725,-0.043676,-0.020773,-0.020773,-0.02317,-0.026099,-0.027431,-0.026632
0.030939585937499983,-0.05860233593749999,0.9827804609374999,0.017743312500000007,-0.026554617187499983,-0.021411429687499994,0.00003595043320515499,0.00008932403435082431,0.00011614971031342273,0.000997467595996063,0.0008329960386318281,0.000059539607947773124,0.032837,0.03241,0.032776,0.024231,0.032166,0.034607,-0.072021,-0.074707,-0.075562,-0.075012,-0.072876,-0.072144,0.98053,0.980103,0.979309,0.974182,0.979187,0.980652,0.013316,0.016778,0.019175,0.019974,0.013848,0.007723,-0.009854,-0.01012,-0.011452,-0.015446,-0.014381,-0.013848,-0.021305,-0.020773,-0.021572,-0.023436,-0.021838,-0.021838
0.042989257812499994,-0.025852203125000008,0.9835471796874997,-0.052840859374999986,-0.032024492187499996,-0.0271205859375,0.000060789924633796744,0.00031397221795841557,0.00011841794310919052,0.0019691435568777054,0.00038552750464560795,0.0002757337909374386,0.046448,0.042419,0.033875,0.03064,0.029663,0.02771,0.012573,0.005493,-0.000977,-0.004272,-0.003662,-0.004761,0.97406,0.968201,0.974365,0.987976,0.996521,0.996887,-0.019441,-0.021305,-0.027697,-0.037018,-0.04847,-0.059122,-0.006924,-0.001332,0.001065,0,-0.009321,-0.021838,-0.04048,-0.042877,-0.043143,-0.041279,-0.040214,-0.039681
0.05089428124999999,-0.04345466406250001,0.9818086796874999,-0.012531445312499995,-0.022424648437499996,-0.023862328125000012,0.000014561974817913379,0.000007522426303580217,0.00010376997804619835,0.0002971059718395054,0.00020440179471795027,0.000008481367151328741,0.053711,0.051941,0.048096,0.047668,0.047668,0.046326,-0.04303,-0.039795,-0.039612,-0.042053,-0.040283,-0.041138,0.991211,0.980469,0.972656,0.968323,0.974426,0.976868,-0.027164,-0.021572,-0.007457,-0.000266,0.006924,0.006658,-0.026898,-0.019974,-0.013582,-0.012517,-0.013848,-0.013582,-0.021838,-0.023702,-0.026099,-0.026898,-0.026099,-0.027431
-0.006279984375,-0.037321125,0.9845304375,-0.02295313281249999,-0.033418523437499986,-0.030655476562499995,0.00009793116496038388,0.000041997174425196866,0.00009624530054724406,0.0009185602979271032,0.0003609737428498401,0.00021943108053487938,-0.038269,-0.037964,-0.039429,-0.037537,-0.034302,-0.032959,-0.035828,-0.034485,-0.036499,-0.031372,-0.03418,-0.03595,0.98877,0.986511,0.98822,0.986633,0.98584,0.983887,-0.086553,-0.089216,-0.087085,-0.082025,-0.076166,-0.07084,-0.038882,-0.042877,-0.044475,-0.049801,-0.057791,-0.06578,-0.06578,-0.063117,-0.058323,-0.058323,-0.057258,-0.058323
-0.0023164765624999993,-0.028106195312499988,0.9837513515625006,-0.008245421875,-0.021631937500000014,-0.026773109375000007,0.000011759096251414867,0.00002739669889856052,0.00011194687515889518,0.0005767953005765262,0.00021050673004330706,0.00001661488239739174,-0.001587,0.000977,0.000427,0.000671,0.000244,-0.001709,-0.038513,-0.037537,-0.034668,-0.035034,-0.034607,-0.034119,0.988464,0.986328,0.983643,0.984131,0.985168,0.985168,0.001332,0.004261,0.007723,0.008256,0.006924,0.009587,-0.026365,-0.026632,-0.024235,-0.025034,-0.0253,-0.021838,-0.027431,-0.027164,-0.027431,-0.025833,-0.027164,-0.0253
0.05285028906249998,-0.04771947656250001,0.9819593671875004,0.0005201484375000009,-0.0229573203125,-0.024463648437500003,0.000009451458947281004,0.00002641102379472196,0.00008643300976174955,0.0003408924692770056,0.00014586265132178876,0.00000931926804078494,0.052979,0.049194,0.046265,0.047607,0.050598,0.049866,-0.049011,-0.048767,-0.049805,-0.052002,-0.051514,-0.051514,0.984558,0.985535,0.989014,0.988586,0.986023,0.985596,0.003196,0.005593,0.003728,0.002131,0.001864,0.000266,-0.002131,-0.009854,-0.01518,-0.015446,-0.017044,-0.018376,-0.02024,-0.022104,-0.022371,-0.023968,-0.022637,-0.024767
0.058114492187500026,-0.0722093359375,0.9799547578124996,-0.005122445312499999,-0.020383593750000005,-0.023610562499999998,0.000009555326708599899,0.0000297889312957062,0.00007500812160230068,0.00025095610468989915,0.00014269545759744103,0.00000847007774409449,0.062927,0.061096,0.055786,0.052124,0.055054,0.055237,-0.072205,-0.072937,-0.075745,-0.076294,-0.077271,-0.078735,0.964905,0.969482,0.976013,0.982849,0.986145,0.989868,-0.037284,-0.024235,-0.009321,-0.002397,0.000799,-0.001598,0.011984,0.006658,-0.00506,-0.012251,-0.013848,-0.01518,-0.016778,-0.017577,-0.021305,-0.025566,-0.024767,-0.026632
0.05574752343749998,-0.05550146875,0.9815506953125002,0.03202657031249999,-0.018825234374999996,-0.026889601562500004,0.00005136559154275345,0.000526953153605315,0.00022415681974108018,0.006621808369837539,0.00036743158766117123,0.00011578731578487945,0.055786,0.058167,0.058899,0.059387,0.060425,0.055054,-0.067871,-0.067322,-0.068054,-0.066162,-0.07019,-0.073975,0.974915,0.977722,0.977661,0.982178,0.984558,0.984741,-0.021838,-0.026365,-0.031958,-0.031159,-0.029827,-0.029295,-0.017044,-0.017311,-0.014647,-0.013582,-0.015979,-0.017044,-0.021039,-0.020506,-0.02024,-0.018376,-0.017577,-0.017577
0.0799398515625,-0.037405460937499996,0.9802237265625002,-0.014940726562499996,-0.020410578125000002,-0.022984328124999984,0.000008186623938422739,0.00001595905415594242,0.0000900829389561393,0.00024344593755456457,0.00010531190270250988,0.0000063625640489665365,0.079529,0.081055,0.082764,0.078674,0.077942,0.078186,-0.034851,-0.035339,-0.034973,-0.037781,-0.034485,-0.032837,0.979004,0.980164,0.984741,0.985474,0.982178,0.980835,-0.008256,-0.01012,-0.012251,-0.014647,-0.015446,-0.015446,-0.021838,-0.025034,-0.030626,-0.038616,-0.039415,-0.039947,-0.022371,-0.019175,-0.020773,-0.022903,-0.021572,-0.022371
0.06654596875,-0.0353007265625,0.9812836875000002,-0.013550859375,-0.01966784375,-0.023935164062499993,0.0000089580124242126,0.000013702289286847934,0.00009278362700393707,0.00038391428598006885,0.00011609638844783458,0.000013986197870509355,0.067749,0.069763,0.068848,0.07019,0.070679,0.06958,-0.036133,-0.038818,-0.039246,-0.040283,-0.041321,-0.04364,0.984192,0.987366,0.982178,0.981628,0.977051,0.972107,-0.022104,-0.024501,-0.025566,-0.022637,-0.020506,-0.019175,-0.032491,-0.031425,-0.033556,-0.033023,-0.027164,-0.02024,-0.023968,-0.024235,-0.025566,-0.025034,-0.027164,-0.027963
0.10291963281250001,-0.03477854687499998,0.9781294140625001,-0.007334109374999998,-0.017947195312499997,-0.024596789062500013,0.000019772982344426686,0.000029422070989911422,0.00007894252410279288,0.0004687092175784944,0.00018763094985919042,0.000080614628451218,0.103271,0.107056,0.114136,0.111511,0.108337,0.105774,-0.036682,-0.033508,-0.032471,-0.037537,-0.042114,-0.044739,1.000305,0.991394,0.988281,0.979797,0.975342,0.968811,-0.050334,-0.067911,-0.072971,-0.065247,-0.046605,-0.027697,-0.064448,-0.063916,-0.058057,-0.056992,-0.049002,-0.037551,-0.034887,-0.031159,-0.027963,-0.026365,-0.025833,-0.0253
0.05483915625000001,-0.039269890625,0.9821181171874998,0.009364757812500001,-0.014503828124999995,-0.021906546875,0.000013962517880905507,0.00006019757803518702,0.00024824627407277303,0.0027556283292873396,0.0004009405553718011,0.00005018138782455709,0.052979,0.053528,0.054382,0.055298,0.056274,0.061096,-0.044617,-0.04303,-0.044128,-0.049072,-0.047302,-0.049927,0.978455,0.986328,0.986023,0.986145,0.984558,0.981934,-0.004527,-0.007457,-0.011984,-0.013049,-0.007191,-0.000266,-0.018908,-0.017843,-0.020506,-0.022371,-0.030094,-0.037551,-0.026632,-0.026099,-0.026099,-0.023702,-0.023702,-0.024767
0.05907878125,-0.09318256250000004,0.9798126250000002,-0.023469117187500003,-0.02315494531250001,-0.027507546875,0.00023530952129035445,0.00031482940246850387,0.0002152522849606299,0.0023676282533168684,0.0033886841169812358,0.0007045965642182577,0.033997,0.034485,0.030334,0.034302,0.037537,0.043762,-0.046814,-0.048767,-0.062561,-0.068909,-0.072937,-0.079224,0.983948,0.952637,0.977051,1.003662,0.998779,0.987244,-0.104929,-0.079895,-0.077764,-0.101733,-0.132625,-0.160322,-0.062052,-0.057791,-0.085754,-0.112385,-0.118244,-0.102532,0.052464,0.046872,0.035154,0.022637,0.005593,-0.008256
0.05261375000000002,-0.08640341406249999,0.979214703125,-0.0095894765625,-0.026307015625000013,-0.027426414062499987,0.00005333262603149606,0.00006731339596106057,0.00011964059463558068,0.000733726828723856,0.0010603515638737688,0.00008948375307917074,0.03717,0.062744,0.049377,0.049377,0.049377,0.037476,-0.111816,-0.091125,-0.079041,-0.079041,-0.079041,-0.093689,0.98938,0.976074,0.983826,0.983826,0.983826,0.96875,-0.002929,-0.01012,-0.01012,-0.01012,-0.029295,-0.014381,0.057524,0.069509,0.069509,0.069509,0.007723,0.007191,-0.055926,-0.031425,-0.031425,-0.031425,-0.010653,-0.018109
-0.10540578124999998,-0.0794157890625,0.9765725156250004,-0.013848476562499996,0.019942515625000008,-0.03286923437499999,0.0008219493209753936,0.00025652585430948574,0.0006077713285981791,0.004974527053999442,0.004023719728487943,0.0020796669207950287,-0.076965,-0.083862,-0.09082,-0.09491,-0.080139,-0.082031,-0.080688,-0.077087,-0.075928,-0.072693,-0.055847,-0.07605,1.063293,1.041016,0.996948,0.950684,0.911743,0.888977,0.007989,0.032491,0.062052,0.087352,0.101999,0.096406,-0.001864,-0.042344,-0.066579,-0.0506,-0.004794,0.031159,-0.066845,-0.056459,-0.0506,-0.04554,-0.033556,-0.009854
-0.10934308593749996,-0.05602171093750002,0.9762568281250001,0.0018891796875000024,-0.029090875000000006,-0.00022886718749999863,0.00004701057848861959,0.00009539301006539123,0.00012017934719857271,0.0009036411050461983,0.0005137999905354329,0.0002518503375806473,-0.117126,-0.117798,-0.118347,-0.119568,-0.12439,-0.122925,-0.075439,-0.070862,-0.071411,-0.068359,-0.071106,-0.06958,0.985046,0.986694,0.984192,0.983154,0.97876,0.970703,0.013316,0.008256,0.002929,0.003196,0.007989,0.014115,-0.078297,-0.080694,-0.0759,-0.07084,-0.068443,-0.069242,-0.005859,-0.002131,-0.003995,-0.001598,-0.001332,-0.000799
-0.10035802343749999,-0.06990537500000003,0.9774632500000006,-0.01930165624999999,-0.03391991406250001,-0.025564281250000005,0.00007554865829078494,0.00007655240428346457,0.0000750079201102362,0.001835307566967519,0.0007033971673705093,0.00008561662451870075,-0.107849,-0.107239,-0.108643,-0.107605,-0.110168,-0.107788,-0.056641,-0.057007,-0.056946,-0.056458,-0.057251,-0.053833,0.978821,0.979736,0.980835,0.979553,0.980591,0.97345,-0.03835,-0.042611,-0.046073,-0.051133,-0.052997,-0.045274,-0.01518,-0.016512,-0.018109,-0.013848,-0.011984,-0.005859,-0.025034,-0.027431,-0.02823,-0.027431,-0.029295,-0.029028
-0.08785198437500004,-0.04742717968750002,0.9789076171875002,0.005588515625000004,-0.017782851562499997,-0.022118820312499992,0.000013514105417076775,0.00006591102469974163,0.00006668785874206436,0.000975651929984006,0.0002529575703636195,0.00002341683520367864,-0.087036,-0.087463,-0.088867,-0.08783,-0.090881,-0.102844,-0.06311,-0.06604,-0.065369,-0.06488,-0.060242,-0.062073,0.982178,0.98468,0.983459,0.977478,0.966125,0.953796,0.046073,0.043143,0.039415,0.037284,0.040746,0.05353,-0.010919,-0.001332,0.002929,0.007191,0.024501,0.043676,-0.022371,-0.02024,-0.020506,-0.021305,-0.021838,-0.023436
-0.08603666406250003,-0.058364374999999996,0.9793276718749999,-0.026974937500000008,-0.022491195312500004,-0.025050374999999993,0.0000071651143035802135,0.00004995031009448818,0.00004241220907258857,0.00010855782681496064,0.00007320391533950539,0.000006370828692913387,-0.088806,-0.08728,-0.089966,-0.088684,-0.087646,-0.087646,-0.054321,-0.047607,-0.044983,-0.047058,-0.04541,-0.042908,0.986084,0.986267,0.978271,0.974548,0.977783,0.982788,-0.032757,-0.039415,-0.039148,-0.032757,-0.026365,-0.026898,-0.025833,-0.019974,-0.020506,-0.021838,-0.026632,-0.032757,-0.0253,-0.023968,-0.026365,-0.025566,-0.023968,-0.025833
-0.08493567968749999,-0.056124695312499986,0.9794087499999998,0.0260428046875,-0.013817265625000002,-0.020414757812500003,0.000019916950565883375,0.0003253759957725763,0.00004999681469291337,0.001711747098331631,0.0002335285525588091,0.000020291392247969964,-0.08197,-0.0802,-0.076843,-0.081116,-0.08844,-0.082458,-0.067383,-0.066833,-0.065491,-0.068481,-0.074524,-0.071716,0.966736,0.963867,0.980774,1.000427,0.994568,0.982727,-0.008256,-0.003196,-0.005859,-0.02823,-0.044208,-0.044208,-0.016512,-0.021838,-0.034621,-0.056992,-0.051665,-0.019974,-0.028762,-0.02317,-0.023436,-0.026099,-0.030893,-0.028496
-0.08837746875000002,-0.033623679687500005,0.9792962109374996,-0.03251970312499998,-0.025110664062499996,-0.0472544609375,0.00009844128722736223,0.0002007419932902929,0.000081141811427596,0.0011345058120056596,0.000823358302728777,0.0018412450449905883,-0.083862,-0.086792,-0.089355,-0.089355,-0.092041,-0.090271,-0.020203,-0.021362,-0.020325,-0.02179,-0.022522,-0.021912,0.971008,0.976929,0.981689,0.982605,0.980957,0.98114,0.051665,0.046073,0.037284,0.031425,0.021572,0.019441,-0.017311,-0.020506,-0.030094,-0.029295,-0.024767,-0.017843,-0.013582,-0.014381,-0.019707,-0.017843,-0.017577,-0.018642
-0.36239287500000017,-0.07788610156249999,0.8710288828124996,-0.0425855859375,0.5595988828124999,-0.13352421875000003,0.06179864868489763,0.0009115298473990525,0.014900307000167265,0.00784641773178783,0.057257873727143645,0.009863219285684057,-0.05603,-0.046387,-0.040283,-0.034302,-0.053955,-0.059143,-0.058716,-0.068848,-0.070679,-0.057739,-0.054443,-0.048767,0.994446,0.99353,0.987366,0.982361,0.989014,0.986633,-0.033023,-0.024501,-0.008788,-0.001598,-0.001598,-0.01012,0.126234,0.123304,0.118511,0.111054,0.101466,0.10626,-0.19015,-0.201069,-0.211189,-0.219178,-0.223972,-0.224771
-0.9155564609375003,-0.13355113281250003,0.22739649999999997,-0.07493681250000003,0.6300623203125003,-0.018810671875,0.011569146353447276,0.00042483876690348183,0.07993536336102361,0.014623568057570865,0.11819491347958952,0.003717859921025345,-0.744385,-0.742371,-0.738159,-0.731689,-0.730591,-0.729431,-0.098572,-0.108154,-0.108337,-0.119812,-0.132874,-0.132446,0.646729,0.643677,0.635864,0.63501,0.650574,0.653076,-0.177633,-0.157127,-0.138751,-0.12144,-0.110521,-0.104662,0.409062,0.390686,0.398942,0.430899,0.453803,0.449275,0.038882,0.050334,0.066845,0.078563,0.075634,0.054595
-0.9845581562500006,-0.15354060156250005,-0.15810494531250008,0.0018496718750000054,0.02031078124999998,-0.025356242187499982,0.00014392043551870077,0.00006624101416283218,0.0002915323286505287,0.0022952336521749497,0.010863349956235238,0.00008351119958655257,-0.989014,-0.992493,-0.999573,-1.011841,-1.018982,-1.011597,-0.171753,-0.162598,-0.161926,-0.148621,-0.148499,-0.133362,-0.112305,-0.106689,-0.099915,-0.106567,-0.112549,-0.124207,0.156061,0.170176,0.165915,0.144876,0.120375,0.109722,0.270843,0.25593,0.241815,0.242081,0.243946,0.244745,-0.026099,-0.029295,-0.030626,-0.035154,-0.036219,-0.036219
-0.9795360625000005,-0.15559246875000005,-0.15969703124999998,0.0012255000000000013,-0.02141765625,-0.020878773437500005,0.00002037770912992122,0.000009903827384842512,0.00006860920508562991,0.0003232708912755904,0.0005074682426840554,0.00004020602855456448,-0.975647,-0.980896,-0.981812,-0.985535,-0.983093,-0.983093,-0.154724,-0.159424,-0.159607,-0.158447,-0.155884,-0.155884,-0.176208,-0.162598,-0.151794,-0.144775,-0.144958,-0.144958,0.008522,0.018109,0.009055,0.002929,-0.011185,-0.011185,-0.021305,-0.016245,-0.027963,-0.032224,-0.040214,-0.040214,-0.023702,-0.022637,-0.026099,-0.027431,-0.030094,-0.030094
-0.8910198437500003,-0.1353087265625001,0.20817421875000003,0.0922057265625,-0.8997656562499998,0.0024717421874999894,0.025161825278825788,0.0011773204384522022,0.12481926911262897,0.02142438508037346,0.28633065191092016,0.00619167280811411,-0.983337,-0.984985,-0.987915,-0.985657,-0.987488,-0.988464,-0.15094,-0.148987,-0.150818,-0.154663,-0.157349,-0.160828,-0.158936,-0.157593,-0.15332,-0.15863,-0.163269,-0.164978,0.017044,0.016245,0.003196,-0.005859,-0.009854,-0.015446,-0.029561,-0.03036,-0.043143,-0.049002,-0.052198,-0.056459,-0.010386,-0.011718,-0.014381,-0.014115,-0.014647,-0.021572
0.16472722656250002,-0.019758726562500013,0.8909297500000001,0.09459002343750002,-1.0352934999999999,0.3191694375000002,0.14311383510707423,0.004854030396971888,0.014521602115086612,0.09802163236397578,0.24250405366196873,0.02636846298884645,-0.613525,-0.587524,-0.568542,-0.546814,-0.519287,-0.488098,-0.085266,-0.09259,-0.104248,-0.095154,-0.088318,-0.075745,0.807678,0.817871,0.813599,0.826599,0.829895,0.841736,0.001598,-0.023436,-0.04554,-0.051133,-0.062851,-0.072971,-1.116397,-1.136105,-1.208276,-1.327586,-1.457282,-1.574993,0.241282,0.258859,0.267914,0.276436,0.281496,0.294546
0.9055538203125002,0.0010271171875000005,0.11266425000000001,-0.12186253124999999,-0.9393572656250003,-0.021494625000000017,0.01578900055751864,0.0012553676579940332,0.14909638148275592,0.028949180224707664,0.13912918977580294,0.008022043277496062,0.713928,0.672668,0.586487,0.651367,0.765503,0.808655,0.077759,0.042175,0.03479,0.049011,0.047241,0.048279,0.700806,0.671387,0.699402,0.698669,0.673523,0.68042,0.1518,0.073237,-0.005859,-0.025034,-0.0253,-0.030626,-1.173123,-0.973918,-0.826113,-0.858869,-0.876446,-0.8104,0.018642,0.049002,0.046073,0.052464,0.050067,0.045007
0.9787960156250002,-0.021099585937500005,-0.18940780468750001,-0.005665460937499992,0.185919875,-0.019387023437500005,0.0009886879366769197,0.00021430745353586382,0.00904520448538675,0.00997164092004571,0.022231133692173232,0.0023779296038340916,0.94043,0.957764,0.958679,0.939209,0.931213,0.927307,-0.003906,0.001343,-0.003296,-0.004211,-0.009583,-0.026184,-0.429443,-0.44165,-0.431824,-0.408569,-0.389038,-0.378113,-0.112385,-0.117445,-0.117978,-0.118244,-0.147273,-0.161654,0.055926,0.098803,0.167247,0.206661,0.211189,0.208792,-0.031425,-0.014115,0.000266,0.000533,-0.020506,-0.025833
0.9949979843750001,-0.0270161796875,-0.08249325781249998,-0.010057617187500008,-0.020431500000000002,-0.02389980468750002,0.00008904119963754928,0.000039334916998954234,0.00011934941464954473,0.0009654773925845845,0.0013010474569133859,0.00004504586571745814,1.015625,0.98999,0.969238,0.980225,1.002319,1.013794,-0.026306,-0.016174,-0.014099,-0.017334,-0.033752,-0.044189,-0.086975,-0.085266,-0.096497,-0.112732,-0.107483,-0.084839,0.008788,0,-0.016778,-0.033023,-0.057791,-0.082025,0.067112,0.063383,0.047671,0.031159,0.044208,0.059122,-0.026099,-0.018109,-0.017044,-0.025034,-0.031958,-0.034621
0.9946861328125004,-0.029930039062499983,-0.0856227265625,0.014884578124999989,0.0011630546874999998,-0.017593531250000002,0.00004220701520269432,0.000040701660447281014,0.0002004475206254306,0.002241345221442667,0.0013750120062410802,0.00010196467985728343,0.999451,0.995544,0.992798,0.989624,0.992981,0.990478,-0.024841,-0.02832,-0.026062,-0.026733,-0.026428,-0.024048,-0.09491,-0.088928,-0.092224,-0.093872,-0.091797,-0.086792,-0.012783,-0.003196,-0.000266,-0.001332,0.000266,0.001065,-0.054062,-0.05353,-0.048203,-0.037551,-0.031425,-0.031958,-0.019441,-0.018109,-0.019707,-0.020773,-0.021572,-0.019974
0.9965739843750007,-0.035877671875,-0.0640406640625,-0.013563414062500005,-0.00929403906250001,-0.023452492187499993,0.000029125649968257818,0.00002053246365526573,0.000054738153311454206,0.0002796924488744464,0.0011254577199118479,0.00007782060250387551,1.000671,0.997131,0.994141,0.998474,0.994873,0.991577,-0.041016,-0.042236,-0.040466,-0.03717,-0.033875,-0.030334,-0.058533,-0.067017,-0.065491,-0.056641,-0.053162,-0.061707,0.009321,0.003196,0.005859,0.007457,0.005593,0.005593,-0.037284,-0.029028,-0.017577,-0.017843,-0.0253,-0.03036,-0.017843,-0.021039,-0.021572,-0.018908,-0.016778,-0.014914
0.8624759218749998,-0.024633890624999998,0.27064850000000007,0.0252709140625,0.9263805859375002,-0.0746600625,0.04744374961531668,0.0005042218172635336,0.11709122814938577,0.009348235532031929,0.43006236876753584,0.01802271625755512,0.99176,0.988098,0.990112,0.989441,0.993896,0.999085,-0.031311,-0.03418,-0.036926,-0.038757,-0.039124,-0.039185,-0.062561,-0.053833,-0.049927,-0.056885,-0.052979,-0.049377,0.029827,0.03329,0.030094,0.024235,0.01518,-0.000799,0.063916,0.052464,0.038616,0.03329,0.029827,0.036219,-0.059388,-0.054861,-0.052464,-0.050067,-0.043143,-0.033023
-0.04212425781250003,0.0041156171875,0.9762616093749998,-0.013120234375,0.3773907656250001,-0.23580836718750006,0.01957285587294876,0.0013705736245845839,0.0009071987323501475,0.024108165425361962,0.19329978684649582,0.04075464255193497,0.289001,0.273682,0.263733,0.249512,0.242371,0.24762,-0.002136,0.012878,0.021179,0.017822,0.025513,0.020508,0.954407,0.959595,0.950195,0.942932,0.950256,0.929199,-0.078031,-0.094276,-0.12144,-0.140615,-0.131028,-0.100401,1.225054,1.208276,1.215733,1.246626,1.255414,1.241566,-0.36219,-0.368848,-0.380299,-0.390952,-0.39255,-0.380299
-0.08378217187500005,-0.004808843749999998,0.9805021484374997,-0.04926432031249998,-0.0679834765625,0.046062273437499995,0.000689845823324557,0.00039017900695177194,0.00011574097708802915,0.0026072710702036814,0.003126736309448263,0.002337346126956139,-0.145752,-0.145752,-0.132568,-0.130371,-0.126221,-0.125427,0.022217,0.022217,0.019653,0.028442,0.029663,0.028381,0.977661,0.977661,0.973816,0.982605,0.989258,0.988892,0.011718,0.011718,-0.012783,-0.025566,-0.060454,-0.087618,-0.189883,-0.189883,-0.19521,-0.213053,-0.196009,-0.196275,0.0759,0.0759,0.120641,0.125701,0.1265,0.128098
-0.058445929687500016,-0.038418749999999995,0.9812664531249999,-0.020358593749999994,-0.030293429687500005,-0.027178851562500012,0.00004444277956194637,0.00007041469694488194,0.00006481388047022637,0.0012599406692352364,0.0004999596006564345,0.00005269094595417076,-0.061096,-0.062561,-0.063599,-0.064758,-0.069031,-0.067993,-0.018433,-0.0224,-0.022278,-0.023376,-0.022888,-0.022461,0.98053,0.982056,0.9823,0.986023,0.98175,0.981079,-0.035953,-0.03542,-0.036485,-0.039947,-0.039681,-0.035154,-0.017044,-0.021838,-0.024501,-0.022637,-0.024767,-0.027431,-0.016245,-0.01518,-0.016245,-0.01518,-0.013848,-0.013316
-0.06694842187500004,-0.015699859375000007,0.9811954921874994,0.013353234374999998,-0.0022304218749999985,-0.022668171875,0.00006743755767888778,0.00019716598881471456,0.00006705044363773378,0.0019143999780233752,0.0007209664423245572,0.000014440420111958666,-0.057495,-0.056091,-0.065796,-0.044861,-0.054443,-0.05188,-0.040466,-0.040466,-0.041687,-0.033081,-0.039062,-0.041321,0.979614,0.976685,0.975098,0.980347,0.97583,0.983215,0.011452,0.021039,0.036219,0.028496,0.020506,0.017843,0.006658,-0.003728,-0.009587,0.005593,0.011984,0.006392,-0.014914,-0.021572,-0.019974,-0.02024,-0.019175,-0.022371
-0.0637245390625,-0.0355186171875,0.9813642265625,-0.04907917968750001,-0.0368910234375,-0.025129437500000004,0.000048795813463029036,0.00022679298962395434,0.0000864125210742496,0.0009055153529044662,0.00046362617674747784,0.000020319821240157475,-0.073792,-0.072754,-0.074036,-0.077393,-0.076111,-0.070251,-0.00885,-0.011169,-0.009277,-0.01239,-0.014099,-0.016052,0.969116,0.981262,0.996216,1.001038,0.990845,0.972107,-0.017843,-0.012517,-0.022637,-0.043942,-0.055127,-0.043942,0.004261,-0.017311,-0.048203,-0.053796,-0.043143,-0.029028,-0.028496,-0.025833,-0.02317,-0.029827,-0.030893,-0.029561
-0.13406703125,-0.041475296874999984,0.9658002812499996,0.028339773437499986,0.32692806250000006,-0.070642390625,0.020617036345762795,0.001103092505863927,0.0017733960825659447,0.022721245696523073,0.17171090931265753,0.004806146877893456,-0.050842,-0.049988,-0.050781,-0.050598,-0.049133,-0.047363,-0.0578,-0.063049,-0.060425,-0.058899,-0.063416,-0.06189,0.984253,0.987183,0.990723,0.985535,0.970032,0.973694,-0.018642,-0.027697,-0.031692,-0.030626,-0.024235,-0.013316,-0.024767,-0.026365,-0.021305,-0.011452,-0.004527,0.000533,-0.021305,-0.023702,-0.021572,-0.022903,-0.020773,-0.022371
-0.7873645078125002,-0.04080535156250001,0.5065708046875002,-0.13588363281250004,0.8019631093749998,0.047481250000000016,0.032660900241968445,0.0015056510273478716,0.0771637692484576,0.014830611280438919,0.05989522729298007,0.010334337317937004,-0.449402,-0.445801,-0.445312,-0.449707,-0.460632,-0.4776,-0.009583,-0.008362,-0.012573,-0.018494,-0.023865,-0.025085,0.876099,0.876038,0.86792,0.860779,0.862976,0.83905,-0.04554,-0.034887,-0.014914,-0.005859,-0.012517,-0.008522,0.605869,0.577373,0.545415,0.520382,0.506267,0.549144,-0.044741,-0.037018,-0.037018,-0.054062,-0.06578,-0.083623
-0.9802184296875,-0.045836429687500006,-0.2268386015624999,0.04036768749999996,0.20225667187499996,-0.0344088984375,0.0006483904652391112,0.00040453818475092297,0.008720220856493535,0.003146384131507875,0.08107072865730883,0.0008431483743754307,-1.01178,-1.02063,-1.030273,-1.026062,-1.015442,-1.009216,-0.041321,-0.034119,-0.025024,-0.016663,-0.014709,-0.00946,0.005188,0.016296,0.023926,0.017029,0.006348,-0.027527,0.148871,0.157925,0.158458,0.140881,0.125701,0.130761,0.517719,0.488424,0.462325,0.460993,0.473776,0.486293,-0.041545,-0.041279,-0.042611,-0.04847,-0.054062,-0.063383
-0.9779715781249996,-0.060407210937500025,-0.23846723437500003,-0.013257554687500003,-0.08643003124999998,-0.024729960937500003,0.00015647598106471452,0.000010657408167753446,0.0005371404504643211,0.0008497504795717881,0.020028109008030513,0.00011473413444728102,-0.966675,-0.968628,-0.966553,-0.966492,-0.962768,-0.96344,-0.058411,-0.054565,-0.052979,-0.054749,-0.054626,-0.055054,-0.260742,-0.260864,-0.254578,-0.252258,-0.25946,-0.260254,0.023968,0.028762,0.024767,0.019441,0.02024,0.021039,-0.116114,-0.09907,-0.081493,-0.071639,-0.070041,-0.061253,-0.027697,-0.030893,-0.031958,-0.034355,-0.036219,-0.034088
-1.0050020390625,-0.06795692187500002,-0.10904932812499996,0.065058109375,-0.469962640625,-0.04606014062499998,0.0010095183837386193,0.0001512034313481791,0.013857036732426917,0.02452746607323203,0.5133036573929564,0.002016757939964321,-0.985962,-0.975586,-0.96521,-0.960938,-0.955811,-0.947632,-0.065308,-0.067139,-0.064697,-0.063354,-0.067688,-0.068604,-0.16217,-0.160645,-0.167114,-0.170105,-0.173218,-0.167175,0.035953,0.03835,0.039947,0.041812,0.046073,0.049535,-0.428769,-0.416518,-0.395746,-0.368049,-0.33396,-0.300671,-0.048203,-0.050067,-0.046605,-0.038882,-0.035953,-0.031425
-0.19552754687500015,-0.01167868750000002,0.8265409375000001,0.044653750000000006,-1.4113256328124997,0.07396516406250003,0.18736839195157254,0.006646187043129922,0.03543837943920867,0.04773689331588977,0.21186886932023413,0.07090829284716184,-0.881287,-0.857361,-0.83374,-0.814514,-0.786438,-0.75885,-0.043335,-0.038818,-0.044312,-0.051758,-0.063721,-0.063232,0.397339,0.396118,0.394531,0.409973,0.461426,0.520386,0.257528,0.269246,0.303334,0.331031,0.317715,0.268979,-2.009089,-1.962483,-1.933988,-1.893508,-1.84637,-1.800031,-0.102532,-0.084955,-0.070041,-0.065514,-0.067644,-0.073503
0.686830015625,0.016964906249999998,0.6309604453124998,0.04496160937499998,-0.7916329453124998,0.14039643750000003,0.04798829534987377,0.013105955593644683,0.10973080024324111,0.1755025595735312,1.0480580047229808,0.0415679806321063,0.733643,0.803284,0.734253,0.778442,0.809814,0.792297,0.27124,0.129944,0.117493,0.127502,0.107117,0.064453,0.643921,0.695801,0.651794,0.669373,0.669067,0.594604,-0.615457,-0.585895,-0.582966,-0.583765,-0.572047,-0.62025,-0.812797,-0.719586,-0.576042,-0.451938,-0.385626,-0.085754,0.069509,0.064182,0.011984,-0.003462,0.011185,-0.017577
0.9341702421875001,-0.06480265625,-0.314716375,-0.11285770312500006,-0.31932960937500005,0.05008613281249999,0.015077745039775527,0.005073449860762794,0.0336176651689606,0.17232356369679308,0.6001215431836259,0.036354121690871995,0.892029,0.790649,0.693665,0.666687,0.664734,0.698975,-0.169006,-0.161377,-0.128662,-0.100037,-0.034973,0.020325,0.046082,-0.039001,-0.048035,-0.048645,-0.04364,-0.03418,-0.344879,-0.232228,-0.128098,-0.072971,-0.05859,-0.042611,-1.52972,-1.522263,-1.557949,-1.620001,-1.629855,-1.608816,0.404801,0.445281,0.408529,0.340352,0.292681,0.277768
0.8625154296875002,-0.05382914843750002,-0.5273708906250002,0.06621914062499999,-0.12481484375,-0.05669623437499998,0.0009864985260422613,0.0010261031145210998,0.0012445825078462097,0.008061905022499751,0.036556114235770695,0.005212085724464318,0.871521,0.884338,0.898254,0.925293,0.943054,0.957214,-0.108521,-0.087646,-0.065002,-0.054626,-0.045837,-0.04071,-0.447205,-0.452332,-0.439758,-0.444885,-0.461426,-0.47522,0.224504,0.241016,0.256729,0.269778,0.274306,0.256196,-0.609331,-0.661529,-0.713461,-0.735831,-0.713195,-0.651676,-0.220243,-0.254332,-0.274306,-0.274838,-0.264186,-0.252468
0.8275761562499999,-0.06531238281249997,-0.574060921875,-0.011218609374999999,-0.040236648437499994,-0.023011375000000004,0.0001119410177706692,0.000034458071781434544,0.00018001976172613175,0.0006176157968540848,0.00519575572359984,0.0000881299170708661,0.841736,0.834595,0.83667,0.836548,0.840881,0.840881,-0.067932,-0.071167,-0.071411,-0.070374,-0.068542,-0.065369,-0.57135,-0.572449,-0.568787,-0.560852,-0.554138,-0.550232,0.002397,0.014647,0.025833,0.031425,0.030626,0.020773,-0.094276,-0.097205,-0.088683,-0.080161,-0.074302,-0.073237,-0.03329,-0.037018,-0.039148,-0.041013,-0.038882,-0.033023
0.8270778359375005,-0.06989765625000002,-0.5725240703124997,0.006970046875000003,-0.012121546874999995,-0.023475328125000004,0.00002369488147680859,0.000019247275219488188,0.00004678357912100151,0.00016881770152534455,0.00038489034651747057,0.000024320736048966545,0.822754,0.82019,0.819824,0.823425,0.823608,0.823364,-0.062622,-0.066589,-0.06842,-0.066528,-0.065674,-0.064636,-0.569519,-0.576294,-0.581421,-0.583618,-0.584595,-0.575867,-0.001065,0.003196,0.004794,0.007191,0.009321,0.016245,0.019175,-0.000266,-0.008788,-0.005859,-0.000266,0.002131,-0.030094,-0.028496,-0.029561,-0.031692,-0.031425,-0.028496
0.8296036328124995,-0.07473654687500002,-0.5707592656249999,0.007860492187500002,-0.006387445312499997,-0.029444570312500005,0.000019226345383796773,0.000013437306454478347,0.00006628851562967524,0.0009945610731023006,0.002156106111666277,0.0000909742237902928,0.823425,0.82843,0.832642,0.839355,0.837646,0.82843,-0.079895,-0.079102,-0.077576,-0.074707,-0.074219,-0.069946,-0.570679,-0.571716,-0.570007,-0.568481,-0.564697,-0.560425,-0.012783,-0.007989,-0.005593,-0.013848,-0.016512,-0.017843,-0.020773,-0.024501,-0.025566,-0.024767,-0.023436,-0.023436,-0.023968,-0.026632,-0.028762,-0.027697,-0.027431,-0.026898
0.8868293906250002,-0.08181003906249998,-0.1487336640625,0.08340478125,1.0006723671875002,-0.05110357812499999,0.007636705295499752,0.0025104599418960994,0.18969679014006743,0.014754097244140748,0.4094614652942343,0.011991150609237939,0.839294,0.835693,0.836182,0.843079,0.852417,0.855347,-0.074463,-0.077515,-0.078247,-0.076721,-0.078369,-0.076965,-0.531738,-0.544861,-0.551086,-0.540894,-0.535706,-0.528564,0.03036,0.036219,0.041545,0.038882,0.034088,0.0253,0.024767,0.043942,0.049268,0.044741,0.039947,0.038083,-0.029561,-0.036219,-0.041013,-0.038882,-0.038616,-0.034355
0.13951160156250014,-0.023572898437499993,0.9211931015625,-0.062059968749999965,0.6566938828124992,-0.2959895156250002,0.08744802182994238,0.003006365136989604,0.013978114135556538,0.020413547795936026,0.35666777207684436,0.03325702853559032,0.730286,0.72467,0.720947,0.7771,0.760864,0.735962,-0.079712,-0.077454,-0.125061,-0.036377,-0.073914,-0.081421,0.604919,0.626648,0.619141,0.618652,0.705505,0.729004,0.018642,-0.016778,0.002663,0.033023,0.03835,0.018908,1.125985,1.00561,1.22026,1.337173,1.293764,1.275654,-0.363255,-0.334227,-0.396545,-0.394947,-0.388289,-0.392284
-0.010892859374999998,-0.035753242187499985,0.9826011484375001,-0.013423976562499999,-0.05631542968750003,-0.007053187499999998,0.00026839935029502953,0.00016919753075190708,0.00006804710831637554,0.0010587638771884231,0.0025412710883257255,0.0006808011474448821,-0.053894,-0.041748,-0.059692,-0.068726,-0.065613,-0.061584,-0.013977,-0.011536,-0.017334,-0.022034,-0.02948,-0.035339,0.983337,0.973938,0.970703,0.96521,0.958008,0.959595,-0.084955,-0.094809,-0.093211,-0.068976,-0.029827,0.000799,-0.217847,-0.173372,-0.145941,-0.139283,-0.143811,-0.148871,0.035953,0.046073,0.044208,0.048203,0.056459,0.057524
0.003204851562499999,-0.047667523437500005,0.9826096874999998,-0.015544148437500013,-0.02663578906250001,-0.018923039062500004,0.000021234839166769195,0.00003880385272385581,0.00007483980237401572,0.0004935629378754307,0.00024054105766381623,0.000013208856494525102,-0.003296,-0.004028,-0.002747,-0.002258,-0.003418,-0.001526,-0.041138,-0.040955,-0.04187,-0.040405,-0.037964,-0.03833,0.984924,0.984009,0.985046,0.983704,0.982544,0.98114,-0.009055,-0.006924,-0.007989,-0.005859,-0.006658,-0.006658,-0.009587,-0.010919,-0.010386,-0.007989,-0.005593,-0.003728,-0.026099,-0.025034,-0.022371,-0.02317,-0.023968,-0.022903
-0.0039596875000000005,-0.033041515625,0.9830884921875005,0.01572096875000001,-0.005268062500000001,-0.014270796875000004,0.000047352734106299204,0.00010750003335408463,0.000042488466850332214,0.00018644794313287398,0.0001674271321692914,0.00001930329959621062,0.009766,0.011169,0.008667,0.005432,0.004578,0.005981,-0.04718,-0.045532,-0.046509,-0.048462,-0.05188,-0.050049,0.986084,0.987366,0.98761,0.993164,0.989502,0.984253,0.019974,0.011984,0.001864,-0.009055,-0.014381,-0.01012,-0.008788,-0.009587,-0.009321,-0.007457,-0.005326,-0.000533,-0.015713,-0.01518,-0.015979,-0.01518,-0.015713,-0.014647
-0.0038700312499999967,-0.030853265624999994,0.982705109375,-0.02999387499999999,-0.034069734374999994,-0.020410593749999987,0.00004014017740059055,0.00010349285043282482,0.00005438251337376967,0.00027403694582677147,0.0001837016295824312,0.000011232936526574805,-0.010254,-0.010742,-0.011169,-0.010925,-0.012512,-0.011047,-0.019775,-0.019348,-0.019531,-0.017517,-0.016235,-0.016907,0.984314,0.978699,0.975769,0.975647,0.977173,0.98468,-0.007723,-0.00506,0,0.002663,0.003462,-0.001598,-0.015446,-0.010919,-0.006392,-0.007191,-0.015979,-0.035154,-0.014115,-0.014381,-0.015713,-0.017311,-0.017044,-0.016245
0.010391210937499994,-0.05644415625000001,0.9819536562500003,-0.009121335937499997,-0.011553539062499998,-0.01961796875000001,0.000024571182246493605,0.000028083934164370074,0.00004101814458956699,0.0008679242598311391,0.00046397165872287153,0.00000969065711712599,0.011108,0.009338,0.011597,0.007629,0.007019,0.01001,-0.045593,-0.046509,-0.045715,-0.048706,-0.052307,-0.052063,0.987122,0.984375,0.985474,0.980896,0.990845,0.987915,-0.043143,-0.050067,-0.051133,-0.051399,-0.061253,-0.068177,-0.060454,-0.056992,-0.054861,-0.051932,-0.046339,-0.039415,-0.021572,-0.021838,-0.021572,-0.019441,-0.020506,-0.020773
-0.006494484375000003,-0.04027844531250001,0.9820198984374999,-0.005546882812500003,-0.014928234374999997,-0.021765085937499987,0.000007143552078494099,0.000014288130075725889,0.00005995650963527322,0.0004272560872853713,0.00018713008388164372,0.000008580777606729823,-0.00116,-0.001892,0.000244,-0.002441,-0.002441,-0.000977,-0.048523,-0.046692,-0.047729,-0.047546,-0.046814,-0.045105,0.982605,0.983398,0.982544,0.985474,0.986938,0.980652,0.021039,0.019707,0.018109,0.015979,0.016778,0.019707,-0.005859,-0.006392,-0.00506,-0.008256,-0.01012,-0.009587,-0.022903,-0.022637,-0.022104,-0.021039,-0.021838,-0.02317
0.0021925234375,-0.055167671874999984,0.9824786171874998,-0.029147046874999995,-0.03359119531249999,-0.02165064843749999,0.000024308206613619583,0.00004457217899384846,0.00003626922718300934,0.0002440929058718012,0.00007770346834737942,0.00000799894489117864,-0.004944,-0.003845,-0.001648,-0.002319,-0.001709,-0.005005,-0.052979,-0.053406,-0.053406,-0.049438,-0.046936,-0.044373,0.994995,0.989929,0.988403,0.980713,0.977905,0.971924,-0.070307,-0.075367,-0.084422,-0.08389,-0.072438,-0.056193,-0.049002,-0.049002,-0.046872,-0.045274,-0.04341,-0.036752,-0.016512,-0.015446,-0.011984,-0.011185,-0.010386,-0.013316
0.027536937499999997,-0.013860210937500006,0.9786782031250001,0.05386452343750003,-0.025676617187500007,0.029581898437499993,0.0023117061281692913,0.0028631863384984612,0.0019895654456592027,0.026181354430897075,0.022396578487954663,0.008749893428438424,0.008667,0.011536,0.012939,0.015137,0.014832,0.01593,-0.072021,-0.070923,-0.070618,-0.072388,-0.072876,-0.071228,0.989868,0.988342,0.988281,0.981079,0.981689,0.986206,-0.032491,-0.032491,-0.025034,-0.017843,-0.010653,-0.008256,-0.026632,-0.024235,-0.016778,-0.011984,-0.007723,-0.003462,-0.021039,-0.021572,-0.022371,-0.022903,-0.022371,-0.022637
0.015265445312499992,-0.0125041484375,0.9801006250000003,-0.03840361718749997,-0.029513265625000003,-0.022387164062499996,0.0017342339270206076,0.002013219323749446,0.0023211666791338585,0.027560582007986154,0.012607013878700541,0.0027763402123429505,0.033081,0.030945,0.021179,0.021484,0.017822,0.013367,0.000977,-0.002563,-0.003174,-0.005554,-0.00647,-0.000427,0.960266,0.994629,1.01825,1.025391,1.022034,0.999634,0.078031,0.073237,0.04847,0.025566,0.020773,0.046605,-0.03542,-0.028496,-0.032491,-0.03835,-0.046073,-0.04048,-0.04341,-0.032224,-0.026365,-0.030094,-0.033822,-0.035154
0.01856375000000001,-0.0502190859375,0.9842710546875003,-0.01317014062500002,-0.009512484374999996,-0.0216672890625,0.00033606680666141723,0.0001721759671185409,0.000149918454146592,0.0026342891728777084,0.003583291752377706,0.0005515679771362573,0.026978,0.026367,0.025513,0.033325,0.034668,0.044739,-0.01886,-0.013184,-0.009583,-0.010437,-0.017639,-0.012268,1.001648,0.997375,0.99176,0.986206,0.98175,0.98822,-0.015713,-0.045007,-0.064182,-0.06578,-0.064715,-0.074835,-0.017044,0.003196,0.007723,-0.006924,-0.017577,-0.043143,-0.059655,-0.053263,-0.045274,-0.035154,-0.034887,-0.019707
0.008931140624999995,-0.024483695312499998,0.9837480000000002,0.0344172265625,-0.0313941015625,-0.02467789843749999,0.00025218781599581705,0.0002646887238828126,0.00028966536792125963,0.00967722689850732,0.001306030288674643,0.0022657818057455095,0.010803,0.015991,0.012207,0.010559,0.006714,0.008301,-0.03656,-0.036621,-0.039795,-0.038452,-0.038879,-0.033936,0.968079,0.988648,0.993896,0.994385,0.984985,0.967957,0.056193,0.043143,0.029295,0.019175,0.021039,0.037551,-0.01012,-0.03329,-0.041013,-0.035686,-0.02317,-0.011185,-0.021572,-0.019441,-0.022104,-0.026632,-0.027697,-0.027164
0.9472709140625,0.07825563281250002,0.24198392187499987,-0.0015832734375000085,-0.47743403124999967,-0.035871546875,0.009037166669858706,0.0005912516112735606,0.019930867174261565,0.011889150826609683,0.6102606582723926,0.0037054166890214076,0.596313,0.591431,0.619385,0.65918,0.68927,0.722778,0.081482,0.079346,0.07782,0.066284,0.055664,0.049011,0.616028,0.619019,0.627991,0.615723,0.600281,0.565247,0.097472,0.05566,-0.010386,-0.062318,-0.095607,-0.095607,-1.823733,-1.898568,-1.963815,-2.0256,-2.044242,-2.036519,0.155795,0.126234,0.102532,0.083357,0.061519,0.045806
0.957940609375,0.094149109375,0.25706721875,-0.03271940625,0.1753650234375,-0.028714273437500028,0.000642519578224163,0.00017225129255487193,0.002429367999463583,0.0030612768790620076,0.12026182242233803,0.00030832675516086373,0.959473,0.952026,0.94696,0.947815,0.946655,0.946655,0.079651,0.078979,0.082764,0.086548,0.08728,0.08728,0.262695,0.261414,0.254883,0.251709,0.253235,0.253235,-0.029561,-0.017843,0.004527,0.013582,0.013582,0.013582,0.022371,0.036219,0.034355,0.029295,0.029295,0.029295,-0.047404,-0.043143,-0.039681,-0.039148,-0.039148,-0.039148
0.5709285937499997,0.057326757812500025,0.7670512031249997,-0.09367042187500005,0.578578046875,-0.09102187499999995,0.0234019393318809,0.00033753152081489915,0.014570569095722193,0.0017218327895056592,0.02036835129333636,0.00224057584735433,0.829651,0.82196,0.82196,0.796326,0.785889,0.778931,0.090149,0.090149,0.090149,0.091919,0.089966,0.092468,0.49231,0.492004,0.492004,0.519409,0.530701,0.544739,-0.060187,-0.060187,-0.083623,-0.099602,-0.109722,-0.117179,0.982973,0.982973,0.947819,0.931041,0.923052,0.915861,-0.026632,-0.026632,-0.019175,-0.014647,-0.014647,-0.016778
0.10278560937500006,0.013891210937499987,0.9763893749999998,-0.054220289062499996,0.16928345312500004,-0.07425016406250003,0.003112269194129674,0.00039568064689216286,0.00012461567784251976,0.0015430589929787775,0.017689533234769444,0.0007785758598075172,0.230469,0.222778,0.221802,0.218933,0.212219,0.206421,0.038391,0.042664,0.048706,0.054504,0.046326,0.045593,0.964417,0.969177,0.960449,0.957214,0.958069,0.962952,-0.008788,-0.019707,-0.021838,-0.014914,-0.013049,-0.013848,0.513191,0.50174,0.494549,0.480168,0.463923,0.448743,-0.10413,-0.100667,-0.099602,-0.097738,-0.099869,-0.101466
0.026843093749999995,-0.022474804687500002,0.9828252578125,-0.021480078124999982,-0.02992521875000002,0.010249015625,0.00010944494625885822,0.00003793062774895423,0.00011032082053930843,0.0005511573420725886,0.0012562139539045276,0.00041048783114936007,0.025085,0.025208,0.027039,0.028503,0.032166,0.029968,-0.022095,-0.021729,-0.02063,-0.020203,-0.018188,-0.01886,0.980835,0.981628,0.985962,0.985413,0.98114,0.98407,-0.010919,-0.018109,-0.025566,-0.032224,-0.02823,-0.024235,-0.005593,-0.000266,0.016512,0.026099,0.0253,0.024767,0.005859,0.006392,0.008522,0.007191,0.002929,0.001065
-0.006406789062499998,0.03873680468749998,0.9804196249999999,-0.04085453125,-0.03946055468749998,-0.07487223437499997,0.000727362253427596,0.0033477708223788776,0.0004484482524409446,0.004548397829794292,0.005486017358437932,0.004961223675062747,-0.068359,-0.05835,-0.010864,-0.034119,-0.025513,0.00354,0.274597,0.264648,0.244751,0.204956,0.17688,0.15686,0.97467,1.021912,1.012085,1.017639,0.991577,0.958496,-0.009587,-0.038083,-0.087085,-0.121174,-0.137153,-0.133158,-0.184823,-0.186421,-0.199471,-0.231961,-0.198938,-0.124103,-0.143544,-0.130495,-0.103863,-0.094809,-0.05859,-0.024235
-0.0016398515625000026,0.002048523437499998,0.9840774531249997,-0.033054421874999976,-0.038320359375,-0.0179596875,0.0001473955739856668,0.00023765865670810792,0.00010073268919463571,0.0014570371276001472,0.00042503669870447834,0.00046004544440551176,-0.037415,-0.030457,-0.025818,-0.022339,-0.019226,-0.018311,0.036926,0.038391,0.038147,0.036133,0.030334,0.02478,0.978577,0.969482,0.973083,0.983276,0.985413,0.982361,-0.062851,-0.050334,-0.048203,-0.058057,-0.062851,-0.064715,-0.012517,-0.004527,-0.002929,-0.01518,-0.029295,-0.040214,-0.051399,-0.046872,-0.043143,-0.041279,-0.041812,-0.044741
0.02410503906250001,0.011798335937500007,0.9840340078124995,-0.02641524999999999,-0.021469554687499996,-0.027370210937499997,0.00012152004863625736,0.00010350362956342274,0.00020262673624403307,0.0013306916991181112,0.0015401896591623408,0.00031327201875043037,-0.00647,-0.001648,0.015137,0.020508,-0.005676,-0.009155,-0.002991,0.018372,0.037109,0.041809,0.031372,0.024109,1.015564,1.023743,1.013245,1.00177,0.999878,0.98999,0.032757,0.00506,-0.020773,-0.043676,-0.061785,-0.063916,0.092412,0.046872,0.000799,-0.036485,-0.066046,-0.072172,-0.006392,-0.017044,-0.014647,-0.014914,-0.027164,-0.033822
0.02607065625,0.017354031250000002,0.9813066015624999,0.0225848828125,0.004764515625000002,-0.017418742187499992,0.00011767383429035435,0.0003918479876368111,0.001479441575942359,0.0025505895359310407,0.005404995681007628,0.00022505427598812738,0.025879,0.02655,0.024109,0.026245,0.029846,0.028809,0.002319,-0.000061,-0.004944,-0.008301,-0.004089,-0.006104,0.989685,0.986023,0.982239,0.984741,0.986267,0.984985,-0.049002,-0.0506,-0.042344,-0.037817,-0.037018,-0.033822,-0.019974,-0.018109,-0.017577,-0.022371,-0.018642,-0.016512,-0.013316,-0.013848,-0.017311,-0.019974,-0.022104,-0.018642
-0.05285070312499999,0.004225257812500001,0.9816980234375,-0.05061670312499998,-0.051376117187500014,-0.029122093750000026,0.0017939964962261324,0.00039894871252356054,0.0006527600577396045,0.001617369986840305,0.004124448253049155,0.007176791099077758,-0.111511,-0.112854,-0.104858,-0.100403,-0.105652,-0.116333,0.01709,0.01593,0.020142,0.021606,0.022339,0.035767,1.018127,0.991089,0.961731,0.958008,0.959106,0.947388,-0.149403,-0.117179,-0.117179,-0.017577,0.001332,0.001598,-0.000266,-0.013582,-0.013582,-0.037817,-0.050067,-0.044475,-0.256995,-0.252468,-0.252468,-0.249805,-0.247408,-0.238619
-0.0278730546875,0.0038799609375000017,0.9830183984374996,0.022799156250000008,-0.013937867187500001,-0.019035390625000006,0.00002116046305997785,0.00025326130520318663,0.00008108366605259605,0.0004992095695974406,0.00020954654139167074,0.00002982685003518701,-0.02478,-0.02478,-0.021912,-0.018494,-0.019531,-0.015991,-0.026062,-0.026062,-0.026184,-0.025208,-0.02356,-0.026062,0.983887,0.983887,0.979431,0.981873,0.983398,0.978394,-0.041279,-0.020773,-0.009854,-0.001332,0.00506,0.015446,-0.041545,-0.039947,-0.034621,-0.026632,-0.02317,-0.017577,-0.023968,-0.023968,-0.018376,-0.018642,-0.016245,-0.015979
0.0113411328125,0.0046997187500000094,0.9796075937500004,-0.053554531249999995,-0.0130286796875,0.01063394531249999,0.0026425293277223807,0.0033266073909281476,0.0019789519701801186,0.006606476347321851,0.019575477207699726,0.008849695707752889,0.055969,0.005798,0.004822,0.043762,0.056885,0.07782,0.243286,0.232117,0.218079,0.185608,0.127319,0.080994,0.929199,0.994629,1.0224,0.848083,0.96167,1.179138,0.076433,0.030893,0.064448,0.168844,0.06578,-0.160589,0.382696,0.408529,0.419448,0.467917,0.249538,-0.133424,-0.300405,-0.216515,-0.182427,-0.141414,-0.109722,-0.098537
-0.016482773437500008,-0.007562609375000011,0.9825406171874999,0.029498671875000007,0.029837796874999985,0.008380671874999994,0.0026713681796411773,0.0023896391051218,0.004617013813655449,0.07957956476151351,0.012109310382667078,0.00924848468044266,0.009216,0.01532,0.018494,0.025024,0.027954,0.017212,-0.029907,-0.03363,-0.035034,-0.027954,-0.020691,-0.027283,0.994812,0.999023,0.995728,0.988342,0.970825,0.976868,-0.064448,-0.060986,-0.032491,-0.021039,-0.013316,-0.002131,-0.004527,-0.029561,-0.055394,-0.059921,-0.047937,-0.057791,0.021572,0.020773,0.017311,0.014647,0.004527,-0.005593
-0.0019064062499999975,0.027115367187499996,0.9837221874999998,-0.04358009375000003,0.008153843750000002,-0.0294508046875,0.0006237964119124017,0.0004211236535885207,0.0006708783310511806,0.004845613526369097,0.004322844277975393,0.0029598485505363563,0.041199,0.045593,0.049683,0.053772,0.060181,0.063904,0.055176,0.043945,0.025269,-0.000366,-0.031067,-0.033264,1.01123,0.99176,0.898865,0.873413,0.982727,1.116882,-0.08602,-0.05353,-0.016778,-0.039681,-0.154996,-0.286023,0.027431,0.037284,0.127565,0.202667,0.13449,-0.04048,-0.093211,-0.08895,-0.08895,-0.080427,-0.06365,-0.04847
-0.0018463125000000016,0.015290757812499996,0.9823203203125,0.001525078125,-0.027657328125,-0.018561046874999994,0.0011203821616496063,0.0002891249616495448,0.0015846973186288752,0.007513870261253691,0.004817169953529282,0.0006842298326749506,-0.002747,-0.006958,-0.007935,-0.007141,-0.004456,-0.002197,0.006592,0.005127,0.007263,0.005859,0.010925,0.007812,1.022522,1.004639,0.975708,0.961426,0.953247,0.968811,-0.06365,-0.064448,-0.025566,0.008256,0.035686,0.04048,-0.06578,-0.075634,-0.068177,-0.044475,-0.025034,-0.02024,-0.025566,-0.027431,-0.028762,-0.032491,-0.033023,-0.035154
0.06953573437499998,-0.006279445312500004,0.9776596718750002,-0.03969564843749999,0.011663789062499992,-0.031446093749999994,0.0024396584653462103,0.0014384675056662772,0.002427448662206446,0.02256519135607228,0.01133952838960082,0.004588326335896649,0.090576,0.09021,0.054321,0.029785,0.031494,0.046265,0.032715,-0.003845,-0.034668,-0.046753,-0.036255,-0.024414,0.992981,1.018311,1.018066,0.960754,0.917175,0.910828,-0.135022,-0.152599,-0.152333,-0.092412,0.017577,0.126234,-0.186688,-0.204797,-0.211189,-0.192547,-0.174171,-0.158991,-0.05859,-0.103064,-0.148072,-0.163518,-0.149936,-0.1265
0.036144734374999994,0.02509975,0.9912553125,0.030628398437499964,-0.04377782031250001,-0.013068125,0.005384046378291093,0.010638836297732285,0.0071754491634921265,0.02382658479636756,0.02380235183257376,0.019621504594929135,0.044678,0.042053,0.037231,0.03241,0.028992,0.030823,-0.028564,-0.026245,-0.022217,-0.021606,-0.023315,-0.017761,0.971375,0.968018,0.979309,0.988525,0.985413,0.977417,0.055127,0.069775,0.074835,0.067644,0.065247,0.061253,0.031159,0.036485,0.033023,0.021838,0.018109,0.005326,-0.001065,0.002131,0.004794,0.008256,0.007191,0.020773
-0.20341636718750006,-0.031540906250000014,0.9582133515625002,0.0015916484374999958,-0.010617296875000003,-0.060435046875000016,0.006669402204297184,0.0007198443862903545,0.0008333545504817296,0.008383150427316383,0.06483679235162777,0.020149461721100142,-0.096252,-0.124451,-0.161255,-0.179871,-0.184021,-0.179688,-0.093262,-0.088623,-0.085266,-0.077271,-0.067139,-0.055603,0.939575,0.901672,0.891785,0.906921,0.903259,0.89447,-0.110788,-0.0506,0.051133,0.128098,0.210922,0.281496,0.422111,0.516387,0.659132,0.731038,0.784301,0.794954,-0.545682,-0.534763,-0.493484,-0.445547,-0.389354,-0.323308
-0.14822625,-0.028543914062499995,0.9740242812499998,-0.019967499999999985,-0.029762898437499997,-0.019703210937500003,0.00009477076003149603,0.00006712108637838339,0.00011588936954232293,0.0008960464014330713,0.0007429699854148011,0.00016789722722287148,-0.154907,-0.144592,-0.148926,-0.157349,-0.153442,-0.149597,-0.022644,-0.023132,-0.027893,-0.036987,-0.031494,-0.028625,0.978394,1.00415,0.990173,0.956848,0.944885,0.949646,-0.062851,-0.084955,-0.084955,-0.063117,-0.025034,-0.001065,-0.052997,-0.077764,-0.077764,-0.06365,-0.052198,-0.046073,-0.029561,-0.018109,-0.018109,-0.019175,-0.020773,-0.021039
-0.11485147656250004,-0.01582435937499999,0.9732789843749998,-0.008363984375000008,-0.061030062500000024,0.03228252343750001,0.007145373351212045,0.0012868917240588093,0.0018923291711493606,0.014779266741464318,0.03547008622182282,0.015401575989338027,-0.143921,-0.1427,-0.144226,-0.147095,-0.144348,-0.138611,-0.031006,-0.032715,-0.030884,-0.030762,-0.029114,-0.031738,0.975403,0.982788,0.987183,0.989868,0.985901,0.977722,0.042877,0.043942,0.039947,0.022637,0.009055,0.008788,-0.010653,-0.017044,-0.014914,-0.011718,-0.012783,-0.006924,-0.013848,-0.022637,-0.023968,-0.024501,-0.020773,-0.019974
-0.0410899921875,-0.03515100781249998,0.9772281640625,-0.004616820312499985,0.022216601562499987,-0.022645179687500003,0.00376598425499994,0.0031253595713149,0.002281883604815394,0.04109694535937688,0.010970893709375438,0.004860325712195805,0.031555,-0.029724,-0.022522,-0.018677,-0.017151,-0.01239,-0.045837,-0.123657,-0.155457,-0.148254,-0.134705,-0.112488,1.010498,0.935303,0.938965,0.988586,0.985718,0.936523,-0.744886,-0.658333,-0.526773,-0.414388,-0.26312,-0.201868,-0.047138,-0.031958,-0.009854,-0.009854,-0.009854,-0.009854,-0.019707,-0.021838,-0.039947,-0.049002,-0.054861,-0.051665
-0.018007289062499994,-0.04040052343749998,0.9864101249999998,-0.008120554687499998,-0.07235475781250006,0.0585937109375,0.0008733647132307456,0.0010224901532120446,0.00027797690968503914,0.005387872750185964,0.002884646618830648,0.005243093978947276,-0.062073,-0.042786,-0.052002,-0.03009,-0.029053,-0.037537,0.034058,0.02832,-0.001709,-0.039978,-0.072998,-0.103638,1.049377,1.048462,1.034058,1.007996,1.000061,0.995178,-0.131294,-0.144876,-0.14674,-0.112918,-0.102798,-0.090814,-0.147805,-0.152865,-0.16698,-0.181894,-0.181628,-0.179763,-0.115848,-0.105195,-0.10919,-0.110788,-0.112385,-0.109989
0.008811476562500002,-0.0059357109375000015,0.9831528828124998,-0.0032249218750000017,-0.02812340625000001,-0.015053085937499999,0.00007664360650338338,0.0000672401526323204,0.00009256441374206439,0.0017866481130174704,0.000611369657739173,0.0012105560340791703,0.009277,0.008423,0.007812,0.006409,0.005127,0.005127,-0.027954,-0.027344,-0.018188,-0.01825,-0.013184,-0.012024,0.975891,0.968506,0.973511,0.973999,0.984619,0.985779,0.018908,0.03542,0.049268,0.060454,0.059921,0.057258,-0.052997,-0.052464,-0.051665,-0.054861,-0.060187,-0.062851,0.06578,0.065247,0.067112,0.065247,0.058856,0.05859
0.0158968203125,-0.0249996171875,0.9840116328124999,-0.01380682812500001,-0.025936695312500008,-0.028699749999999996,0.000018421111849347925,0.00007818270406489909,0.0000635539044861589,0.0017453217625529027,0.0001548757636938361,0.00008292647467716537,0.011597,0.012817,0.013794,0.010498,0.011597,0.010437,-0.008484,-0.0047,-0.006409,-0.007019,-0.009216,-0.009827,0.983093,0.983154,0.987122,0.985718,0.991089,0.989258,-0.008522,-0.019974,-0.024767,-0.045007,-0.052731,-0.064715,-0.052464,-0.0506,-0.050866,-0.042611,-0.041545,-0.039947,-0.036485,-0.032757,-0.032491,-0.037551,-0.038882,-0.043143
0.0168323515625,0.0016207890624999992,0.9826946250000004,-0.0009237890625000072,-0.018022078124999997,-0.023770812500000005,0.000015879658418737698,0.00012263886783704477,0.0000872863540472442,0.001955876294152007,0.0003000908168284939,0.00004187294495669298,0.020935,0.021423,0.017334,0.014465,0.014099,0.016113,-0.020203,-0.021606,-0.023499,-0.021301,-0.018799,-0.016479,0.973328,0.974365,0.979248,0.984619,0.985474,0.987427,0.025566,0.030094,0.031425,0.027963,0.022903,0.006392,-0.023968,-0.020773,-0.015979,-0.018642,-0.018376,-0.019441,-0.022104,-0.022371,-0.022637,-0.021039,-0.021572,-0.019441
0.015474796875000004,-0.026721500000000006,0.984124703125,-0.03420078124999999,-0.023344250000000004,-0.025012921874999993,0.000008085259816683067,0.00011695370036220476,0.000049737297344242085,0.0003185371154478348,0.00004894583077165358,0.0000081152155843996,0.015381,0.017517,0.017212,0.014771,0.014099,0.01416,-0.005066,-0.002686,-0.00238,-0.006165,-0.006775,-0.007996,0.969421,0.976074,0.983032,0.986511,0.982544,0.98877,-0.027697,-0.022104,-0.026365,-0.037284,-0.044475,-0.051399,-0.021572,-0.021838,-0.021572,-0.021838,-0.019175,-0.018109,-0.025034,-0.021838,-0.021305,-0.023968,-0.023436,-0.028762
0.014111515624999987,-0.017459859375000004,0.9837355703124999,0.0142042109375,-0.013550906249999994,-0.021975289062499993,0.000012177479842273619,0.00016177271804306096,0.00006917946812100143,0.0006908884136795644,0.00007059650103051181,0.00003272006557720225,0.015381,0.017029,0.017883,0.018066,0.021057,0.018372,-0.039673,-0.03894,-0.039307,-0.039124,-0.039185,-0.038208,0.989319,0.985596,0.984375,0.984436,0.987854,0.979248,-0.002663,0.005593,0.010653,0.019974,0.03036,0.031159,-0.012517,-0.009587,-0.006658,-0.009321,-0.011185,-0.009055,-0.023436,-0.026898,-0.026365,-0.026365,-0.025833,-0.024235
