0.06805085156250001,-0.9943967031250003,0.0797686328125,-0.12468168750000001,0.006497718749999998,-0.013372000000000004,0.000867728668080155,0.00036241345666707705,0.003959591291226318,0.009724825094027561,0.018974594584455724,0.0006620986435590546,0.086792,0.087891,0.08551,0.095337,0.090759,0.079407,-0.976135,-0.971313,-0.972839,-0.968872,-0.966309,-0.965088,0.184814,0.181702,0.173584,0.168884,0.173035,0.171692,-0.027164,-0.043143,-0.054595,-0.063916,-0.079629,-0.090547,-0.037817,-0.036219,-0.037817,-0.039415,-0.039415,-0.036485,-0.026632,-0.023968,-0.02024,-0.015979,-0.01518,-0.02024
0.0643935,-1.0007286093749999,0.04655694531250001,-0.06874075781250001,-0.009044328124999992,-0.019341226562499998,0.0013768799881102361,0.0002784379008068405,0.0016502150172489538,0.017895498393649546,0.025707176945088346,0.0009434120422553523,0.071655,0.070923,0.069763,0.069702,0.078308,0.08905,-1.010986,-1.014526,-1.018372,-1.02002,-1.017395,-1.016663,0.123474,0.140015,0.148438,0.142822,0.133057,0.126709,-0.201069,-0.192014,-0.197607,-0.208526,-0.213053,-0.212254,0.07377,0.072704,0.075101,0.086286,0.103331,0.119043,0.047404,0.037817,0.026898,0.012251,0.003196,-0.002131
0.057973398437500004,-1.0004348671875,0.035217773437499995,-0.024532304687499992,-0.0403323046875,-0.013933750000000002,0.0014992880335801546,0.0003537434812026943,0.0006167448859088952,0.011196350048197775,0.02028454702730013,0.0017402358812283474,0.014893,0.004456,-0.006531,-0.017395,-0.016846,-0.008179,-1.010925,-1.020264,-1.019653,-1.013245,-1.007996,-1.001709,0.073853,0.073608,0.070007,0.063171,0.046143,0.03479,-0.249272,-0.243946,-0.239951,-0.234891,-0.21758,-0.190682,0.122772,0.087618,0.036752,-0.020773,-0.086286,-0.151001,-0.050334,-0.033556,-0.025833,-0.030094,-0.035686,-0.044208
0.05740928124999999,-0.999883640625,0.033543117187500006,0.016740476562500002,-0.014842960937500004,-0.023296414062500007,0.0012691763728021656,0.00041850974690920285,0.0005617114189389146,0.005998504467479761,0.01925726160449452,0.002382773231551612,0.057068,0.070679,0.073669,0.074524,0.096741,0.099854,-1.042969,-1.046936,-1.04364,-1.036865,-1.021118,-1.009827,0.006348,0.007507,0.008545,0.023621,0.0448,0.020325,-0.087884,-0.053263,-0.020773,-0.013049,-0.020506,-0.010653,0.018642,0.021838,0.026365,0.027963,0.03835,0.059921,-0.009854,-0.006924,-0.010919,-0.016778,-0.022371,-0.030893
0.05937673437500001,-0.9978799531250006,0.040805828125000006,0.00653931250000001,0.019746906250000005,-0.012392007812500003,0.0010862810028422728,0.00032691799054896655,0.0005339224186158958,0.006598282290106298,0.032739622190747046,0.002708465442338522,0.052307,0.037109,0.026672,0.013,0.012451,0.009399,-0.976623,-0.985046,-0.989624,-0.995972,-1.004333,-1.012329,-0.005615,0.022827,0.023499,0.015259,0.010376,0.012207,-0.046073,-0.074302,-0.083623,-0.06365,-0.028496,0.010386,0.111853,0.109456,0.102265,0.077764,0.048203,0.022104,-0.013316,-0.005326,-0.003196,0.002929,0.01012,0.017577
0.05139447656249999,-0.9983138828125,0.04560659375000001,-0.010151210937499993,0.010284382812500008,-0.009801656249999997,0.00047985945889708425,0.00025487468317513554,0.00046453512205413413,0.003625862748199248,0.037529942237403476,0.0023612661690620078,0.022949,0.030884,0.046204,0.053162,0.056396,0.065308,-1.008606,-1.002502,-0.993958,-0.993408,-0.987915,-0.98706,0.055725,0.051514,0.055176,0.061462,0.066284,0.063049,-0.047138,-0.074569,-0.095341,-0.113184,-0.127565,-0.136886,0.072172,0.054328,0.030626,0.012251,-0.006392,-0.018109,0.059122,0.069242,0.07883,0.084955,0.083091,0.087352
0.05491303125,-0.9982523437499996,0.043552398437500014,-0.002388492187500001,-0.0072903906249999866,-0.02205221874999999,0.000361599891542323,0.0001564032353927167,0.00035092105232031277,0.0026985267680786785,0.041203709179688706,0.0012658238357627957,0.084167,0.079956,0.069031,0.064331,0.065491,0.07074,-0.994751,-0.992249,-0.984497,-0.981323,-0.979065,-0.978088,0.01593,0.014343,0.016663,0.014221,0.008057,0.008423,-0.077232,-0.077764,-0.078031,-0.072971,-0.06871,-0.058057,-0.243679,-0.252734,-0.259392,-0.266316,-0.269246,-0.265783,-0.055394,-0.0506,-0.054861,-0.0759,-0.079895,-0.086819
0.05346489062500002,-0.9976148124999998,0.05483009375000001,-0.026040703125000002,-0.00036199218749998255,-0.0072154999999999945,0.0002379133658619588,0.0000769300629724411,0.00022667617995964577,0.0037398744280686506,0.0335505428192047,0.0004638572828346459,0.073914,0.075928,0.075317,0.089233,0.088867,0.08374,-0.996582,-0.999146,-1.001099,-0.995361,-0.994995,-0.983215,0.069031,0.074097,0.075073,0.068787,0.072632,0.067749,0.0253,0.030094,0.033023,0.039415,0.045274,0.042078,-0.026632,-0.068177,-0.099869,-0.113717,-0.123571,-0.103331,0.004794,0.006658,0.009055,0.017311,0.02823,0.032224
0.03044460937499999,-0.9870729140624999,0.14117285937499996,0.05033790624999998,-0.02690212500000004,-0.03954584375,0.001044112424838337,0.0004293387534335014,0.000373497597082431,0.024263849729565946,0.024708857698677176,0.006807414022148626,0.033752,0.031006,0.034546,0.013367,0.014771,0.017578,-0.923767,-0.927673,-0.926086,-0.938721,-0.958069,-0.960571,0.161072,0.158569,0.157166,0.15686,0.150513,0.147278,0.360059,0.354467,0.35207,0.346211,0.342749,0.337156,0.139017,0.166181,0.203199,0.273507,0.319579,0.33396,0.170709,0.148072,0.128897,0.121973,0.112918,0.125701
0.043171390624999986,-0.9897317499999999,0.13319392968750002,-0.027542937500000007,-0.046713546875000046,-0.047127546874999975,0.0004960249336257383,0.00018307739903937012,0.00044965086222336373,0.004920598819759837,0.014082639770359987,0.002211219722202508,-0.005676,-0.003052,-0.008423,-0.007324,0.004333,0.012695,-0.980164,-0.985962,-0.993347,-0.997314,-0.993835,-0.994751,0.149414,0.149536,0.145081,0.154846,0.170776,0.183105,0.139283,0.139816,0.145941,0.147006,0.140349,0.133957,-0.110788,-0.121174,-0.135555,-0.149936,-0.158192,-0.164317,-0.107059,-0.109989,-0.117978,-0.132093,-0.142479,-0.143012
0.05085277343749998,-0.9930419687500001,0.12159817968750006,-0.0489522421875,-0.006060781250000005,-0.0261301875,0.00014558104198763544,0.0001509530093533465,0.0003543050288099778,0.0014688203233188355,0.005014669462235235,0.00017150082149212595,0.063904,0.065979,0.065369,0.085449,0.087769,0.079041,-0.959961,-0.96936,-0.987671,-0.992615,-1.010132,-1.025574,0.150146,0.151489,0.167419,0.158569,0.164917,0.16156,-0.065247,-0.072971,-0.082824,-0.085221,-0.088417,-0.095607,-0.104929,-0.074036,-0.026898,0.009854,0.052198,0.085754,-0.021305,-0.030626,-0.034355,-0.0253,-0.016512,-0.012517
0.04888342187499997,-0.9941887812500001,0.11045596875,-0.02956942187499999,-0.018877234374999986,-0.024906789062500004,0.0000626016199623524,0.00005617680467618094,0.00009168435754232284,0.00046456742441904547,0.001321531043881644,0.00015866133347484002,0.042358,0.046387,0.051819,0.049927,0.040588,0.042664,-1.013977,-1.005493,-0.99469,-0.985352,-0.989014,-0.981262,0.132263,0.13501,0.132629,0.131409,0.12146,0.116699,-0.062052,-0.070041,-0.077232,-0.082025,-0.079895,-0.081493,0.036485,0.036485,0.019974,0.009854,-0.002397,-0.007989,-0.023702,-0.019974,-0.015713,-0.01012,-0.009055,-0.013848
0.05031634374999997,-0.9938211640624998,0.10558413281250002,-0.0230779453125,-0.010509078124999988,-0.02296557812499999,0.00004560872446358266,0.00003823771629570615,0.00007451265575387547,0.0001561487820835999,0.0014771697992536908,0.00015407136221432083,0.043518,0.039307,0.029236,0.03186,0.044983,0.049438,-0.993469,-0.993774,-0.990601,-0.989685,-0.992493,-0.999634,0.120422,0.11853,0.116638,0.116455,0.107849,0.110352,-0.043676,-0.048736,-0.0506,-0.045274,-0.036752,-0.025034,-0.042611,-0.053263,-0.056725,-0.056459,-0.052198,-0.071373,-0.009587,-0.01012,-0.015979,-0.021039,-0.017577,0.007191
0.05107928124999999,-0.99455265625,0.10177896875,-0.025306249999999995,-0.0034080234374999994,-0.025193906250000002,0.000025012758896653547,0.000035912498006889705,0.00007105353718011816,0.00024917642949606294,0.0011675663232199182,0.00010832704778641731,0.048706,0.041687,0.041748,0.043213,0.053528,0.05481,-0.996826,-0.996094,-0.99231,-0.993408,-0.992249,-0.990417,0.109863,0.118774,0.105652,0.104553,0.104797,0.12323,-0.039415,-0.033556,-0.02317,-0.017044,-0.010919,-0.012783,-0.023702,-0.031692,-0.029295,-0.030626,-0.032491,-0.039947,-0.034088,-0.039947,-0.048203,-0.050067,-0.046605,-0.04341
0.037232453124999995,-1.0002017421874996,0.036714546875,-0.09829352343749999,-0.015105093750000001,-0.0125668515625,0.0003197050999505412,0.00011365465589363927,0.0008133113280922732,0.010019559833652991,0.0020019625261958663,0.0015302640334974777,0.035767,0.044373,0.037842,0.044861,0.045288,0.050903,-0.98822,-0.997497,-1.002014,-0.99408,-1.002747,-1.003601,0.056702,0.092468,0.092041,0.091736,0.099365,0.10022,-0.278034,-0.258327,-0.259126,-0.267381,-0.2783,-0.286023,-0.118777,-0.132359,-0.117712,-0.087884,-0.073503,-0.05859,-0.081226,-0.067911,-0.063383,-0.050334,-0.039681,-0.030094
0.031011125000000014,-1.0011639999999997,0.02281710156249999,-0.052501718749999975,0.0009258671874999992,-0.012011335937499997,0.0001717736803307086,0.00007702677431496061,0.00023290143670613923,0.001670619475132874,0.0012373394907932455,0.000900685471957124,0.029053,0.030945,0.030945,0.019653,0.01239,0.005676,-0.984802,-0.981018,-0.986694,-0.995361,-0.996033,-1.002319,0.03064,0.048767,0.040588,0.048523,0.049561,0.060669,-0.101733,-0.103064,-0.109989,-0.106526,-0.100667,-0.10919,0.056992,0.048736,0.039415,0.031692,0.019175,0.008256,-0.031159,-0.024235,-0.005859,0.001332,0.005326,0.011984
0.030494226562499997,-1.0017252578125,0.010174242187499995,-0.0397747421875,-0.0147077421875,-0.0207165546875,0.00014406188057031262,0.0000725345317991511,0.00021768015824796997,0.0013658189055786789,0.0020568487106495444,0.0009412437478867491,0.056946,0.054504,0.049622,0.045044,0.045959,0.041687,-1.003906,-1.006165,-1.006653,-1.006531,-1.003296,-1.003418,0.050659,0.046143,0.02179,0.020752,0.027405,0.030212,-0.132093,-0.146474,-0.142745,-0.128364,-0.116913,-0.110788,0.027431,0.027164,0.022903,0.025566,0.02823,0.033556,0.047138,0.044741,0.040746,0.031425,0.022637,0.016245
0.03220892187499999,-1.0028033671874999,0.004546156250000002,-0.02852081250000001,-0.022485007812500003,-0.020955820312499998,0.00007205157265526577,0.000052019582690883355,0.00019682505121948823,0.000782311994547244,0.001558192107724348,0.00044485630466824526,0.054871,0.054932,0.043579,0.038452,0.031982,0.02771,-0.988953,-1.004761,-1.004883,-1.004578,-1.006042,-1.009644,-0.022644,0.003784,0.008118,0.014282,0.016907,0.012329,-0.022371,-0.020773,-0.021838,-0.025833,-0.027697,-0.027697,0.007989,0.0253,0.036752,0.039148,0.036752,0.031958,-0.011718,0.009055,0.016778,0.018642,0.017044,0.012251
0.03128285156250001,-0.9998593671874999,0.007748609374999999,-0.10859453125000001,-0.02135939062499999,-0.02770528125,0.00006244778340298966,0.00011152062618694644,0.0002745478313895178,0.02871185229313287,0.001297435733027313,0.000425279997038386,0.027649,0.030884,0.034729,0.039856,0.040527,0.041382,-1.010986,-1.01001,-1.004517,-1.000977,-1.001404,-1.002747,0.003967,0.007935,0.02063,0.021484,0.027405,0.02655,-0.016778,-0.023436,-0.031425,-0.04048,-0.053796,-0.063383,-0.02024,-0.001332,0.011452,0.026099,0.035154,0.043942,0.023436,0.011185,0.006125,-0.002131,-0.009587,-0.012251
0.03100203125000001,-1.0003237421875,0.04532099218750001,-0.061375460937499994,-0.015440078124999998,-0.030237226562500004,0.00009277481377854333,0.00014304270189363923,0.0009252497819448204,0.0026550693362976737,0.0028969759738206187,0.000979213412964013,0.025757,0.023926,0.025085,0.02417,0.022766,0.02948,-1.007385,-1.002563,-1.002197,-0.998718,-0.992004,-0.989319,0.080322,0.077087,0.063538,0.069763,0.085266,0.071289,0.046605,0.046872,0.052997,0.056193,0.054062,0.051399,-0.048203,-0.038616,-0.01012,0.022371,0.029827,0.048203,-0.034088,-0.032757,-0.026898,-0.023968,-0.024235,-0.025034
0.03466221875000001,-1.00189971875,0.021132968749999998,-0.06665808593750001,-0.03230953125000001,-0.028296078125000006,0.00011777008281791342,0.00011483216988877949,0.0007705141173375987,0.0016827537944413753,0.0016142061870383852,0.001032662645222194,0.036743,0.03125,0.02771,0.039246,0.045349,0.045654,-0.984802,-0.982727,-0.981323,-0.980835,-0.985413,-0.998108,0.069641,0.055237,0.051453,0.04303,0.041382,0.049438,-0.108923,-0.105195,-0.076166,-0.054861,-0.039681,-0.037284,-0.03542,-0.037284,-0.029827,-0.012251,-0.000799,0.007723,-0.007989,-0.009854,-0.008256,0.004794,0.025566,0.049268
0.037107421875000025,-1.0012440546875006,0.006402031250000004,-0.03895911718749997,-0.009362632812499992,-0.02763442968749999,0.00008080810383636808,0.000060404003973363664,0.000413439083495079,0.0021866421974586,0.002926399584643641,0.0005410772402784814,0.030334,0.016541,0.033325,0.031799,0.03186,0.047546,-0.994263,-1.001892,-0.99707,-1.005066,-1.005554,-1.001587,0.023865,0.023315,0.034912,0.032288,0.037537,0.05011,-0.052731,-0.034621,-0.034355,-0.04048,-0.042611,-0.045007,-0.090281,-0.084156,-0.087085,-0.07084,-0.064182,-0.075101,-0.051932,-0.051399,-0.044741,-0.037551,-0.034355,-0.018642
0.0382075078125,-1.0012941093750003,0.00048303125000000104,-0.039092281250000006,-0.015338109374999997,-0.021511242187499998,0.000056007535795214105,0.000048612156633612196,0.00019267701136909445,0.002550430959526576,0.0028318997094840077,0.00031433792495663145,0.031616,0.036499,0.034546,0.047424,0.041809,0.040466,-1.00769,-1.000732,-1.000977,-0.990723,-0.981934,-0.977844,0.034607,0.024719,0.025391,0.0224,0.023071,0.016296,-0.045007,-0.050067,-0.06072,-0.074835,-0.092145,-0.107059,-0.006392,-0.007191,-0.019974,-0.026632,-0.029827,-0.033023,-0.073237,-0.074835,-0.070041,-0.055394,-0.046339,-0.036219
0.06547735937500002,-0.9723119921875003,0.223193171875,-0.014824234374999998,-0.014012859375000006,-0.0269312109375,0.0000925045663737697,0.00006630801243300931,0.00026325048384424215,0.0020708467709682574,0.0011075124595076276,0.00039707707282917083,0.0578,0.057556,0.051392,0.050476,0.052124,0.054626,-0.971436,-0.96283,-0.964356,-0.960449,-0.964111,-0.968262,0.230713,0.240295,0.242615,0.229492,0.2146,0.230286,0.043942,0.036219,0.028496,0.034621,0.052464,0.042344,0.066845,0.060454,0.055127,0.044208,0.031692,0.012517,-0.013848,-0.009055,-0.012517,-0.009055,-0.003995,0.001332
0.06811665625,-0.9725136953125002,0.21612260937500005,-0.021390617187500013,-0.021213750000000017,-0.023974703124999996,0.00007204062677854333,0.00006262053189856054,0.00022551099675959638,0.0016265311268365524,0.0008699743677165352,0.0003758805051237695,0.053589,0.046936,0.044556,0.050354,0.055725,0.062988,-0.959961,-0.960876,-0.961609,-0.960327,-0.96698,-0.971252,0.238586,0.232727,0.219543,0.248291,0.242371,0.22168,-0.033023,-0.037018,-0.027697,-0.039148,-0.047937,-0.0506,-0.027431,-0.030893,-0.027431,-0.029827,-0.031692,-0.034887,-0.059655,-0.06072,-0.06578,-0.063117,-0.060986,-0.051133
0.06751964062499997,-0.9737424921875,0.21233937499999994,-0.022978109374999986,-0.010022210937500001,-0.015319414062499998,0.00006985366075172248,0.00005561368308655261,0.00016809510072440933,0.0016551541674052663,0.0008264534266559426,0.0002459778621185408,0.072998,0.075439,0.076843,0.085266,0.076294,0.071228,-0.964966,-0.965698,-0.966797,-0.965759,-0.967468,-0.967651,0.223572,0.218811,0.215271,0.210632,0.221069,0.225159,-0.060986,-0.061253,-0.057791,-0.056992,-0.062851,-0.069775,-0.039148,-0.03542,-0.022637,-0.014115,-0.009587,-0.006125,-0.039415,-0.040746,-0.036485,-0.029295,-0.024767,-0.026099
0.06440353124999995,-0.9743132578125003,0.20967578906249998,-0.026504679687499994,-0.0196907109375,-0.011027156250000001,0.00006980395384153547,0.00004935442074403292,0.00016777953333310777,0.0019073250101721833,0.0010758313799236596,0.00017768533699901552,0.067322,0.065979,0.064331,0.062256,0.069092,0.075623,-0.983948,-0.982605,-0.982727,-0.977722,-0.97583,-0.971069,0.185242,0.180847,0.181763,0.189392,0.187927,0.193481,0.04554,0.060986,0.073237,0.080694,0.087884,0.090281,-0.050067,-0.049002,-0.049535,-0.045007,-0.033023,-0.017044,-0.021039,-0.029827,-0.039947,-0.046872,-0.052731,-0.04847
0.05779317187500001,-0.9693293515625001,0.23089979687500006,-0.09159609375000002,-0.04452684374999999,-0.013890023437499996,0.00008897279074187992,0.00007624566292267479,0.0006708886675017224,0.001925782630810039,0.003039225539613188,0.00012414492692070617,0.077454,0.081604,0.091553,0.084778,0.074036,0.072571,-0.952393,-0.949707,-0.94751,-0.955566,-0.958435,-0.963562,0.275085,0.287537,0.267212,0.281677,0.282104,0.271729,-0.219977,-0.221042,-0.206928,-0.196541,-0.183758,-0.170709,0.134223,0.11931,0.115581,0.08895,0.055926,0.018376,-0.015713,-0.012783,-0.006125,-0.006658,-0.006125,-0.000266
0.058681960937499986,-0.9866843203125001,0.1534146796875,-0.038501421875,-0.0236417421875,-0.015265328124999995,0.0001404877209984621,0.0000289919700619464,0.00017760918130604094,0.0023023007253954258,0.0053398514792479665,0.00038774466863164385,0.06897,0.066467,0.066833,0.06134,0.057373,0.062256,-0.973877,-0.972778,-0.973389,-0.977173,-0.978149,-0.986267,0.184448,0.182678,0.18396,0.179871,0.177795,0.176147,-0.107059,-0.11132,-0.112119,-0.109722,-0.106526,-0.101466,-0.132093,-0.135821,-0.149403,-0.167779,-0.18003,-0.19228,-0.035953,-0.033556,-0.031425,-0.041279,-0.047138,-0.051133
0.054157257812500005,-0.9874568203125001,0.15027998437499995,-0.0099514609375,0.005149507812499998,-0.014568359374999998,0.00008572277126371799,0.000021147725959584174,0.00006444770165329725,0.0008790229015890133,0.0021615626522046632,0.00026333710519266723,0.078552,0.083069,0.083313,0.07959,0.0755,0.072144,-0.992859,-0.987732,-0.990173,-0.987183,-0.988464,-0.985107,0.155151,0.161804,0.155151,0.152954,0.148193,0.146362,-0.051399,-0.053263,-0.058856,-0.062584,-0.061785,-0.061253,0.000533,-0.001864,0.005593,0.010386,0.018109,0.019707,-0.014115,-0.013316,-0.008522,-0.005593,-0.005593,-0.002663
0.05135203125000001,-0.9870048046875001,0.15328074218749999,0.001689499999999999,-0.0029648359374999976,-0.019326679687499983,0.000030049363967519704,0.00002287747047336368,0.00008809287537395419,0.00042377025039370074,0.0013429008303429515,0.00023606633066037153,0.050964,0.044922,0.04364,0.041199,0.041809,0.049744,-0.992371,-0.994141,-0.992859,-0.991821,-0.99176,-0.988098,0.151794,0.147217,0.144836,0.146545,0.141113,0.145569,-0.045007,-0.040214,-0.034621,-0.031425,-0.026632,-0.026365,0.050067,0.038616,0.029827,0.025034,0.021039,0.016245,0.011718,0.005326,-0.000266,-0.004261,-0.007191,-0.007191
0.05024766406249999,-0.985900453125,0.15706490625000008,0.0004203593750000014,0.0048769296875000034,-0.01737299218749999,0.0000462488034059424,0.00001803643935211615,0.0000865062584793307,0.00039677508229502955,0.0008934474173887181,0.0002877222844015134,0.044922,0.045776,0.050049,0.056824,0.052673,0.053101,-0.986755,-0.98468,-0.984985,-0.984131,-0.98175,-0.982727,0.15094,0.151978,0.137695,0.137329,0.159241,0.171326,0.015713,0.009854,0.017044,0.021572,0.001332,-0.013848,-0.06365,-0.063383,-0.055127,-0.054595,-0.066845,-0.062851,-0.026365,-0.03036,-0.032491,-0.02823,-0.027697,-0.027164
0.04617931249999998,-0.9859967578125002,0.15989685156250008,-0.017955453125000003,0.0009133593749999965,-0.011345484375000004,0.00007383162824803148,0.000016967040468442442,0.000046624828710076276,0.0010161169670843996,0.0008499787013029037,0.0002835953576375491,0.048401,0.049622,0.050842,0.045715,0.042236,0.045227,-0.987305,-0.990051,-0.991333,-0.987793,-0.985352,-0.985718,0.15509,0.155457,0.148621,0.166748,0.159302,0.149658,0.011452,0.009587,0.006392,-0.006125,-0.007989,-0.002929,0.031692,0.031958,0.034887,0.024235,0.027164,0.025833,-0.036752,-0.033822,-0.024767,-0.0253,-0.026365,-0.026099
0.009555351562500005,-1.0014529062499993,0.013798203125000005,-0.024842328125,-0.0034371484374999994,-0.015381851562499988,0.00016905829449747792,0.00004003517384940954,0.00008741581397416333,0.000689372685167076,0.005915206228536847,0.0014516949594187386,0.015137,0.015442,0.014648,0.009949,0.011536,0.0224,-0.999817,-0.996338,-0.992676,-0.993286,-0.991943,-0.989014,0.028015,0.029724,0.027771,0.011169,0.001343,0.011536,-0.023702,-0.030094,-0.041812,-0.043676,-0.030893,-0.026365,-0.091346,-0.092412,-0.088151,-0.086553,-0.078297,-0.07883,-0.110521,-0.110788,-0.112652,-0.118511,-0.120908,-0.110521
0.002968781249999996,-1.0019955624999997,0.013638023437500004,-0.007115679687500001,0.004621007812499996,-0.005650890625000003,0.00010536219070767715,0.000026739232783464572,0.00009904980654275345,0.0007726868576682456,0.005242221530558994,0.0005567678771375491,0.012817,0.019592,0.017822,0.010864,0.022095,0.02179,-1.006714,-1.009033,-1.007263,-1.008789,-1.003357,-1.003174,0.015747,-0.000244,0.026367,0.037048,-0.007996,-0.004517,-0.038083,-0.026365,-0.040214,-0.051932,-0.034355,-0.016245,0.001864,0.001864,-0.006658,-0.001864,0.016778,0.021039,-0.021572,-0.012251,-0.007723,-0.006392,0.004794,0.013582
-0.0002675078124999998,-1.0017557109375002,0.0179724609375,0.007879171874999999,-0.020602015624999987,-0.0196408125,0.00009849800651962354,0.000026898487892162854,0.00013744098500633617,0.0006220845124584155,0.0025217558555430627,0.0005328584443267715,0.011475,0.011597,0.012268,0.008423,0.002869,0.001892,-1.009155,-1.005737,-1.002197,-1.000183,-0.998047,-0.996399,0.021851,0.020935,0.021851,0.022156,0.025146,0.021667,0.013316,0.010386,0.007191,-0.001065,-0.012517,-0.025034,0.109989,0.102265,0.096406,0.08895,0.074569,0.053263,-0.009854,-0.01012,-0.009321,-0.007989,-0.009321,-0.010386
-0.00021173437499999928,-1.0012331171875004,0.023412710937499994,0.005704953125000002,-0.018708703125,-0.024919273437499997,0.00007235213624384841,0.000024771270702694338,0.00015231721704176925,0.0006332190643442421,0.0008783584894544784,0.00033100215494039125,0.000916,-0.000305,-0.001709,-0.002869,-0.003845,-0.006104,-0.99646,-0.992126,-0.992676,-0.992981,-0.999085,-1.004578,0.012207,0.016663,0.017151,0.015198,0.01825,0.016785,-0.001598,0.003728,0.006658,0.009854,0.009055,0.007457,-0.061519,-0.060986,-0.062851,-0.067911,-0.072971,-0.071106,-0.019707,-0.019175,-0.020506,-0.02317,-0.025833,-0.030094
0.0010380312499999999,-1.0008511796875004,0.02961968749999999,-0.002559164062499999,-0.018523539062499986,-0.026271656249999983,0.00007679649181003946,0.00002472080436903292,0.00016325655683070874,0.0012862287799335014,0.0002667817813370447,0.00032615554170767737,-0.006165,-0.007568,-0.005493,-0.006287,0.001099,0.002808,-0.999085,-1.001221,-0.998535,-0.998901,-0.997497,-0.997681,0.005981,0.007446,0.011414,0.016724,0.01001,0.012085,0.010653,0.013049,0.012517,0.006924,0.004527,0.002929,0.01518,0.010386,0.006924,0.004261,0.001065,-0.007457,-0.034887,-0.033556,-0.032491,-0.026632,-0.019974,-0.011452
0.0022382500000000002,-1.0001883515624999,0.030877570312500005,-0.07369677343749999,-0.032588351562500006,-0.028200374999999982,0.00006422624455118112,0.00002029832599354088,0.00017966678443596213,0.015617129594696301,0.0007192299870171629,0.0003107720125039369,0.006958,0.006775,0.003113,-0.002808,-0.002502,-0.010376,-0.990967,-0.994507,-0.994812,-0.996948,-0.996582,-1.000061,0.029846,0.034607,0.031372,0.023865,0.018677,0.019287,0.007989,-0.000266,-0.001864,0.002663,0.011452,0.017843,-0.011984,-0.013848,-0.019175,-0.021572,-0.022903,-0.019707,-0.006924,-0.003728,-0.003462,-0.005326,-0.008256,-0.015713
0.0418410703125,-0.9859208749999997,0.15804770312499994,-0.09836425000000001,-0.04426669531250001,-0.02556007031249998,0.00006889435938871796,0.00006715790859842524,0.00139172203800566,0.0011855351707874009,0.0018965348960087965,0.00028407273153045043,0.03186,0.019653,0.02478,0.03717,0.035339,0.02655,-0.980347,-0.974854,-0.976257,-0.971191,-0.966003,-0.969543,0.225037,0.264343,0.242493,0.212524,0.209778,0.214233,-0.126766,-0.141148,-0.136886,-0.108657,-0.082558,-0.071106,-0.007457,-0.013582,0.014115,0.036752,0.039947,0.035154,-0.063383,-0.071639,-0.071106,-0.059122,-0.050334,-0.051932
0.04371217187499999,-0.9899067656249997,0.132326640625,-0.0722444375,-0.04717329687500001,-0.02009642187499999,0.00004482207776550201,0.000036867517613927175,0.0007003327667517229,0.0017811380938700793,0.0016147080803206198,0.0001679989296473916,0.052185,0.047363,0.053406,0.055542,0.049377,0.040833,-0.979919,-0.979431,-0.97937,-0.979919,-0.977356,-0.975952,0.1745,0.18396,0.180603,0.168396,0.167908,0.174316,-0.140349,-0.141414,-0.143278,-0.139816,-0.12943,-0.129163,-0.036752,-0.042344,-0.052198,-0.049268,-0.037284,-0.034887,-0.039681,-0.044475,-0.03542,-0.033556,-0.025566,-0.025566
0.04476742187500002,-0.9923195703125006,0.11761425781250001,-0.04026567968750001,-0.036295968750000004,-0.02158404687499999,0.000029539518781249997,0.00002032002568005656,0.00025250091183064735,0.0018599799252902928,0.0016599676688336619,0.00014564719487967533,0.038025,0.032532,0.039307,0.032715,0.038025,0.038269,-0.986145,-0.991272,-0.990112,-0.987305,-0.988159,-0.989807,0.152954,0.15387,0.148682,0.152527,0.152527,0.153259,-0.083357,-0.079096,-0.076433,-0.071106,-0.069775,-0.06871,-0.08096,-0.091613,-0.091879,-0.081493,-0.086819,-0.091346,-0.022903,-0.026099,-0.030626,-0.034887,-0.042344,-0.048203
0.04437067968750002,-0.9933046875000006,0.11234332031250005,-0.021469601562499982,-0.017543585937499998,-0.0185526015625,0.000022308980991080225,0.000011681562720472438,0.00008801169414068656,0.0009049487778163759,0.00017363693333113933,0.00006221617723369833,0.050354,0.052063,0.046814,0.045654,0.04364,0.040344,-0.987427,-0.990478,-0.987183,-0.985107,-0.992859,-0.994324,0.12616,0.116272,0.113281,0.115173,0.115906,0.117554,-0.070041,-0.068443,-0.064981,-0.064182,-0.067911,-0.067378,-0.04341,-0.039415,-0.040214,-0.044741,-0.036752,-0.04048,-0.0253,-0.019974,-0.012783,-0.013049,-0.014115,-0.017311
0.04857209375,-0.9720072734375002,0.2239275625,-0.03999946093749998,-0.0055343906250000015,-0.012543882812500002,0.00012634327183366144,0.00006193039662543067,0.00023379032501968485,0.0026880087178882245,0.007215579813893451,0.0007613670691908833,0.068542,0.067627,0.068909,0.067139,0.062561,0.066101,-0.966064,-0.96283,-0.963135,-0.961792,-0.961792,-0.96521,0.246094,0.246155,0.228027,0.233948,0.262939,0.256592,-0.039947,-0.050866,-0.05353,-0.055926,-0.070307,-0.100934,-0.116114,-0.098271,-0.077232,-0.075367,-0.072172,-0.026099,-0.003995,-0.001065,0.001598,0.001065,0.000266,0.009055
0.045392039062500014,-0.9732413359375001,0.21797422656249996,-0.0143603359375,-0.01383389062499999,-0.020269156250000003,0.00008841741203783215,0.000046257939720903124,0.0001183676789797613,0.001004788994791769,0.005069237621830459,0.0005544380088730317,0.041138,0.042786,0.044067,0.037292,0.046082,0.049194,-0.968872,-0.967834,-0.960876,-0.965637,-0.966858,-0.963257,0.215088,0.202148,0.222595,0.231873,0.188538,0.186096,-0.069775,-0.068177,-0.075634,-0.099869,-0.094276,-0.068177,0.094276,0.095341,0.087618,0.079629,0.094542,0.107858,0.011185,0.01518,0.019441,0.017577,0.015446,0.015979
0.045752531250000034,-0.9733762812500005,0.21899084375000008,-0.004556570312500001,-0.03042242968750001,-0.016187039062499995,0.00007106160437696845,0.000024913479936023676,0.00008737398545570866,0.0003999422895698205,0.002306757594483206,0.00034204967339216275,0.036438,0.033264,0.02948,0.026978,0.028015,0.032104,-0.978638,-0.980957,-0.984558,-0.988037,-0.987,-0.981812,0.211243,0.213074,0.219727,0.224487,0.226746,0.221558,0.051399,0.039947,0.026365,0.012783,0.002397,0.001065,-0.078297,-0.085221,-0.095075,-0.103597,-0.110788,-0.118511,-0.042344,-0.036485,-0.034355,-0.035154,-0.038083,-0.043676
-0.034603578125,-0.8667740703125001,0.44597957031249985,0.47101747656249954,-0.041605617187500006,-0.027278703124999984,0.0010051898643875495,0.008885623349215487,0.03482908840999504,0.23613843780842467,0.0027515605377341906,0.0032815384901788876,0.006531,-0.023621,-0.036072,-0.044556,-0.045898,-0.059326,-1.194214,-1.186401,-1.173462,-1.148254,-1.114197,-1.069397,-0.101013,-0.085571,-0.038635,0.001038,0.042236,0.078003,1.282578,1.320928,1.331847,1.337706,1.326254,1.280448,-0.135289,-0.126234,-0.10919,-0.093211,-0.06578,-0.018642,-0.025833,-0.017311,-0.017311,-0.012251,-0.013848,-0.045274
-0.034085734374999996,-0.8263502031249998,0.5451645625,0.19407161718750016,-0.029394601562499994,-0.03126095312499998,0.0007682923096611717,0.0013662455675174708,0.003255034139633858,0.1090830612622539,0.0018170263983203136,0.0028834051662969978,-0.075439,-0.036377,-0.02179,0.010925,0.022888,0.01825,-0.922302,-0.93042,-0.924011,-0.910583,-0.891174,-0.87854,0.414795,0.414368,0.416809,0.432678,0.43988,0.4422,0.855407,0.848749,0.839695,0.836765,0.841559,0.837298,0.025566,0.017843,-0.034088,-0.080161,-0.108923,-0.104929,0.051133,0.049801,0.036219,0.035953,0.046073,0.041013
-0.027702804687500002,-0.8155274609375001,0.5643911484375003,0.005471999999999996,-0.022586898437500006,-0.039470984375000004,0.0002191672259536786,0.0005369510412110604,0.001050365858111651,0.006998460530582678,0.0008837818133203128,0.0012707360506454234,-0.05011,-0.045227,-0.042236,-0.052673,-0.047729,-0.05658,-0.805847,-0.798645,-0.798096,-0.787659,-0.769226,-0.754883,0.668701,0.648438,0.630249,0.645081,0.647461,0.658081,0.344879,0.334227,0.325705,0.280964,0.210922,0.129962,-0.012783,-0.017843,-0.047404,-0.08096,-0.099336,-0.12144,-0.055127,-0.060454,-0.069775,-0.082292,-0.096673,-0.106526
-0.0230731640625,-0.9825572578125001,-0.18404534375000003,-0.01687153124999999,-0.02357110156249999,-0.0175913984375,0.00007030339279964322,0.0002761665329802536,0.0024439783030620076,0.039766065320597406,0.0009235088693045643,0.00022932138258802907,-0.012817,-0.012817,-0.010498,-0.014465,-0.016113,-0.01709,-1.047668,-1.047668,-1.031555,-1.01825,-1.006836,-0.996765,-0.258423,-0.258423,-0.207397,-0.167664,-0.138306,-0.117187,0.376305,0.540622,0.57977,0.593885,0.593885,0.581368,-0.089216,-0.101466,-0.110521,-0.124103,-0.135555,-0.13955,-0.031425,-0.019441,-0.011718,-0.002663,0.002663,0.008256
-0.02447888281249999,-0.9776448906250002,-0.215039734375,-0.09267382812500004,-0.013840148437499998,-0.027355625,0.000037303453899544786,0.00004794809646038378,0.0014553001817399116,0.0015274394111670767,0.00015254352982818642,0.0002172865416535434,-0.024475,-0.027771,-0.028687,-0.02832,-0.031738,-0.032837,-0.985352,-0.985168,-0.986816,-0.985291,-0.983887,-0.984009,-0.143127,-0.140869,-0.143555,-0.147766,-0.144531,-0.147644,-0.062318,-0.067644,-0.075634,-0.083091,-0.096406,-0.105727,0.000533,-0.000533,0.001864,0.003728,0.002131,0.009587,-0.005859,-0.005593,-0.005326,-0.007191,-0.007989,-0.008256
0.0012249843749999997,-0.9056806328124999,-0.43267540625,-0.05173603906249997,-0.014555867187499997,-0.027938250000000008,0.00004208159685014762,0.00009116124665938736,0.0007732545112037394,0.001845620863360667,0.0003916854822735602,0.00005923616647244092,-0.004272,-0.004822,-0.005615,-0.013184,-0.011841,-0.00354,-0.913574,-0.913757,-0.910828,-0.91864,-0.918701,-0.922363,-0.347229,-0.353455,-0.354065,-0.362732,-0.380188,-0.39209,0.007989,-0.009321,-0.018908,-0.027431,-0.028496,-0.027431,-0.017577,-0.023702,-0.025566,-0.007191,0.011984,0.031958,-0.035953,-0.034088,-0.033556,-0.035154,-0.037551,-0.036752
0.0027909296875,-0.9006504843749996,-0.44772722656249997,-0.0454443046875,-0.019980015624999993,-0.027018624999999987,0.00002869571893202509,0.00005230193138558076,0.0001476330933419661,0.001230977209788325,0.00021077146486589567,0.00004360987828346457,0.008606,0.008484,0.005066,0.002991,-0.003235,-0.003174,-0.915039,-0.918396,-0.918945,-0.918152,-0.914917,-0.915649,-0.42804,-0.428467,-0.420471,-0.42096,-0.426941,-0.429504,-0.105195,-0.101466,-0.102265,-0.097738,-0.089482,-0.084422,0.017044,0.003995,-0.011185,-0.027697,-0.027431,-0.028496,-0.023702,-0.021305,-0.017577,-0.019175,-0.021838,-0.022104
0.008121945312500004,-0.9664530312499999,-0.26750279687499984,0.030285093750000006,-0.018400804687500005,-0.029382109375,0.000030305770178088076,0.00006937142910137784,0.00014228598219463576,0.0028772440021643695,0.00027434653209541105,0.00010901569313754921,0.015747,0.01001,-0.001709,-0.000977,0.007996,0.017822,-0.983643,-0.988831,-0.992798,-0.993347,-0.990173,-0.98291,-0.290955,-0.297668,-0.2995,-0.301758,-0.300049,-0.294312,0.162187,0.1518,0.147805,0.144077,0.140349,0.142479,-0.051665,-0.050866,-0.042611,-0.029827,-0.015446,-0.010919,-0.04341,-0.053263,-0.057791,-0.060187,-0.052997,-0.046872
0.007676117187500004,-0.9663972421874999,-0.2641949531249999,-0.0018975625000000004,-0.021220031250000007,-0.0248401796875,0.000013738723332615648,0.000017021050499938505,0.00009029655947810042,0.0003622358873346456,0.00013532741765255905,0.00004004186777060776,0.001282,-0.000305,0.001282,0.006897,0.007874,0.01239,-0.955994,-0.959045,-0.965881,-0.971985,-0.970703,-0.972839,-0.274353,-0.288635,-0.28717,-0.279846,-0.276123,-0.271057,0.033556,0.03542,0.034355,0.030094,0.024767,0.022903,0.003728,0.010919,0.009321,0.004527,-0.016245,-0.024235,-0.029827,-0.032224,-0.031958,-0.031425,-0.02024,-0.014647
0.007546867187500002,-0.9667186562499998,-0.26242730468749986,-0.0093481484375,-0.018327984375,-0.024736171875000008,0.000011947689785371558,0.000014788649408464586,0.000058159962119032925,0.0004101007594344857,0.00008716097620447838,0.00002106561419069881,0.006042,0.007507,0.003113,0.003052,0.008545,0.008972,-0.962708,-0.966186,-0.966614,-0.968018,-0.968201,-0.969116,-0.264771,-0.266602,-0.269958,-0.270569,-0.273621,-0.267395,-0.000799,0.002929,0.003728,0.008788,0.013049,0.015446,-0.029561,-0.022637,-0.019441,-0.013848,-0.005593,-0.004794,-0.035686,-0.035154,-0.034088,-0.032491,-0.02823,-0.021838
0.0076608515625,-0.9664506953124998,-0.26403946093749997,-0.0295278046875,-0.01940989062499999,-0.025905499999999998,0.000013761104741572336,0.000015914179189899122,0.00009540793993547,0.0008109811234024973,0.00008926652686983264,0.00003084345725984252,0.005371,0.009094,0.005676,0.009949,0.010559,0.01062,-0.960266,-0.960876,-0.964539,-0.968445,-0.965759,-0.968323,-0.26886,-0.273743,-0.267334,-0.262085,-0.252502,-0.248535,0.020773,0.027431,0.025566,0.019441,0.010919,0.002929,-0.031159,-0.016512,-0.00506,-0.004261,-0.009854,-0.023436,-0.029827,-0.03329,-0.034621,-0.032224,-0.027697,-0.025034
-0.0074758906249999995,-0.9476461562500004,-0.32544467187500026,0.05493810937499996,-0.015660640624999996,-0.03485617187499998,0.00022003227342101364,0.00006286484244783464,0.0004325359515135336,0.009736675699011571,0.0002921801670824307,0.0012968507253403047,-0.046997,-0.05365,-0.054443,-0.050354,-0.050781,-0.049744,-0.930969,-0.935303,-0.934509,-0.938477,-0.940735,-0.941101,-0.375122,-0.380676,-0.381287,-0.36853,-0.360474,-0.355286,0.290018,0.277235,0.264186,0.250603,0.237021,0.228233,0.007723,0.01518,0.018109,0.003196,-0.018109,-0.026365,-0.031425,-0.041279,-0.049268,-0.055127,-0.059388,-0.062584
-0.0044379531250000005,-0.9490570937500005,-0.31939885937500007,-0.011089562500000007,-0.015993546875000004,-0.021875390625000015,0.00008007300028124996,0.000040566119093503963,0.00014839916138164393,0.0033946568551141733,0.00016558155628125005,0.0006734184425076283,0.013306,0.010315,0.006409,0.002136,0.002258,0.004944,-0.945312,-0.942383,-0.941711,-0.937195,-0.934814,-0.935303,-0.341492,-0.335327,-0.327576,-0.328796,-0.330566,-0.328491,0.09401,0.092145,0.086819,0.078297,0.068976,0.067112,-0.051133,-0.046872,-0.043942,-0.045007,-0.036485,-0.030626,-0.097472,-0.091613,-0.087884,-0.085221,-0.081759,-0.081759
-0.009000796874999996,-0.9453129531250001,-0.3258995625,-0.07876918749999999,-0.014782664062500001,-0.017333414062500007,0.00004442261528125001,0.00011248926212376978,0.0004320794879488189,0.006892204267744094,0.00009967012316972188,0.0002673164533311393,0.003967,0.004089,0.004028,0.009216,0.007507,0.005981,-0.949829,-0.950745,-0.947754,-0.948303,-0.949768,-0.955566,-0.306946,-0.29895,-0.311584,-0.3255,-0.323975,-0.312683,0.056459,0.036752,0.031958,0.041812,0.050866,0.051399,-0.00506,-0.012783,-0.00506,0.004261,0.007191,-0.000533,-0.023436,-0.019175,-0.013582,-0.009321,-0.005859,-0.005326
-0.0195274765625,-0.9956421718749998,-0.09907536718750001,0.03192460156250002,-0.016925656250000004,-0.0185339921875,0.00007606725338527309,0.00016603902850565944,0.00020657733047041107,0.011888795582761265,0.0008843583960541342,0.001133391990747969,-0.014282,0.003784,-0.000549,-0.005188,-0.001648,-0.007568,-1.055054,-1.031372,-1.019287,-1.016235,-1.011902,-1.00061,-0.125366,-0.119446,-0.101135,-0.099854,-0.089417,-0.078796,0.343814,0.322775,0.305997,0.294812,0.28123,0.26605,-0.107059,-0.086286,-0.06871,-0.05566,-0.061519,-0.078563,-0.125169,-0.104662,-0.089216,-0.080694,-0.06871,-0.05566
-0.020991835937499998,-0.9943885468749999,-0.1063280390625,-0.025268851562500014,-0.010598578124999999,-0.020491835937499994,0.000040525237303580224,0.00002878638961983269,0.00013258342177011558,0.0003315265480959032,0.0003435082387655022,0.0004718306662012179,-0.014587,-0.012817,-0.015808,-0.00885,-0.003784,-0.008301,-0.978516,-0.985596,-0.986328,-0.986145,-0.991272,-0.995239,-0.079895,-0.090271,-0.088989,-0.080505,-0.089539,-0.09552,0.033023,0.031159,0.027164,0.015446,0.003462,-0.004261,0.018908,0.034355,0.044741,0.037018,0.031159,0.027697,0.027697,0.023968,0.023968,0.025034,0.028762,0.034088
-0.0205149921875,-0.9943036718750001,-0.11339667968749997,-0.02970258593750002,-0.016954765625000003,-0.027751007812499996,0.000031001465299151094,0.000015191815324557103,0.00010229208111706452,0.00017378156191381636,0.00014640075838558058,0.00009887192103143463,-0.030457,-0.032166,-0.032959,-0.030029,-0.032043,-0.030396,-0.99762,-0.998474,-0.998657,-0.998718,-0.995178,-0.992798,-0.095947,-0.098816,-0.102173,-0.104248,-0.106567,-0.108887,-0.035154,-0.035953,-0.034621,-0.031958,-0.031425,-0.027963,-0.038616,-0.040746,-0.039148,-0.034621,-0.029028,-0.024235,-0.011452,-0.014115,-0.022104,-0.023436,-0.029827,-0.037018
-0.0193863125,-0.9934682500000003,-0.1196170234375,-0.030534804687499997,-0.015483804687500007,-0.024521906249999982,0.000017400421066929133,0.000014644328110236249,0.00010979305274747788,0.00018136715225289124,0.00013122292439462352,0.00010473210532972441,-0.019836,-0.018433,-0.021484,-0.02179,-0.020569,-0.01947,-0.999085,-0.997803,-0.999329,-0.995361,-0.993225,-0.99353,-0.097229,-0.099854,-0.108704,-0.112244,-0.11676,-0.131226,-0.019974,-0.030626,-0.034621,-0.034621,-0.02823,-0.021039,-0.045806,-0.045274,-0.039415,-0.039415,-0.022637,-0.007191,-0.035686,-0.036485,-0.03835,-0.03835,-0.039148,-0.041279
-0.019720531249999992,-0.9840697578124998,0.13964123437499995,0.2405916406250001,-0.030834421875000004,-0.014039812500000002,0.00027838176718011855,0.0012369804283109617,0.006571335223991878,0.13543642999993283,0.0025380002609859758,0.0006028490602952752,0.022217,0.015503,0.014893,0.013062,0.011108,0.010864,-0.974976,-1.018188,-1.054138,-1.097046,-1.120667,-1.133972,-0.092163,-0.101562,-0.101746,-0.100769,-0.102112,-0.088501,0.861,0.860467,0.867658,0.876446,0.869256,0.864462,-0.019707,-0.027963,-0.030626,-0.036219,-0.037284,-0.058323,-0.046073,-0.049801,-0.050334,-0.049268,-0.045007,-0.035686
-0.020853531249999994,-0.9784450156250003,0.17269177343749997,0.03194545312499993,-0.010190781250000001,-0.020826734375,0.00010323126969980311,0.00018348040916510826,0.0004743949880663755,0.024738490189037173,0.0007065297117312996,0.0002754160863225884,0.008545,0.008179,0.007996,0.011292,0.008545,0.004272,-0.979736,-0.97937,-0.968506,-0.960876,-0.94696,-0.937683,0.148071,0.146851,0.151367,0.153748,0.160034,0.161072,0.517719,0.513191,0.487891,0.475641,0.434628,0.407464,-0.108657,-0.102798,-0.081759,-0.069509,-0.036219,-0.009321,0.004527,0.00506,0.008256,0.009854,0.011718,0.013582
-0.023076570312499985,-0.9826402343750001,0.165353765625,-0.0317269765625,-0.0119135078125,-0.025193906249999995,0.00001983674366430856,0.0000713610068265256,0.0002525245696611712,0.0010573592068419662,0.00010407364946450541,0.000073393306636811,-0.022583,-0.02417,-0.028259,-0.028076,-0.026611,-0.026123,-0.956726,-0.961792,-0.969116,-0.97583,-0.990173,-0.993713,0.215515,0.217651,0.213928,0.204712,0.195251,0.189209,-0.022903,-0.040214,-0.056725,-0.069242,-0.079096,-0.081226,-0.002131,-0.008522,-0.017843,-0.017311,-0.01012,-0.006125,-0.024767,-0.023702,-0.023968,-0.026632,-0.02823,-0.031692
-0.02471975000000001,-0.9838843203125002,0.15948058593749997,-0.014940742187499996,-0.016212023437500007,-0.020327429687500006,0.00002477616000000001,0.000019014987841473915,0.00005803799961460381,0.0008861312683030876,0.00012739097399157236,0.00008448958988478099,-0.024292,-0.019409,-0.017456,-0.013062,-0.014099,-0.019348,-0.979248,-0.981018,-0.978394,-0.980957,-0.981689,-0.982422,0.159485,0.14978,0.138184,0.140747,0.146545,0.161621,-0.111853,-0.092678,-0.068177,-0.04847,-0.045007,-0.054595,-0.015446,-0.0253,-0.029827,-0.025566,-0.025034,-0.027431,-0.027164,-0.027963,-0.026099,-0.028762,-0.032491,-0.034355
-0.026779664062499996,-0.9838204296875,0.16228250781250006,0.0008696874999999998,-0.017370929687499998,-0.019549304687499998,0.00003660112729570619,0.000024402277128875462,0.00006440661935426923,0.00037437823070472445,0.00013119448428635576,0.00007806121114265505,-0.015137,-0.020508,-0.019775,-0.017883,-0.01709,-0.019348,-0.983521,-0.988037,-0.988586,-0.989319,-0.988037,-0.989075,0.159119,0.161011,0.147583,0.150513,0.158386,0.164551,-0.042344,-0.038616,-0.036752,-0.035953,-0.030626,-0.029827,-0.022104,-0.022371,-0.011185,-0.007723,-0.009055,-0.012251,-0.032491,-0.030893,-0.032224,-0.028496,-0.027164,-0.027697
-0.032409242187500006,-0.9546656093750002,0.2581128828125001,0.37728248437499984,-0.029536156249999994,-0.013532195312500004,0.0002026399544369462,0.005038184447657239,0.018595804718592467,0.1487237892384093,0.002537690978668307,0.001152260384189899,-0.007019,-0.000061,0.005798,0.017395,0.018555,0.016724,-0.994995,-1.076172,-1.155518,-1.203857,-1.22168,-1.20459,-0.098389,-0.1073,-0.112305,-0.122009,-0.128174,-0.120483,1.026382,0.936634,0.885767,0.870587,0.901746,0.963798,0.018109,0.028762,0.014381,-0.008256,-0.036752,-0.067112,-0.042078,-0.053796,-0.058057,-0.045274,-0.020773,0.005593
-0.037542859375000015,-0.9317516562500004,0.3306474687500001,0.11885599218750005,-0.0140398671875,-0.022156257812500007,0.000040159692767470484,0.0006657347816761812,0.0017407745316683077,0.044260008225472366,0.00048340222405308806,0.0007287429542715924,-0.035339,-0.037231,-0.035339,-0.036438,-0.036438,-0.03949,-1.011597,-0.999878,-0.956116,-0.930847,-0.930847,-0.890991,0.240845,0.234985,0.212402,0.210693,0.210693,0.22522,0.709732,0.681503,0.673513,0.673513,0.639691,0.60507,0.008788,0.01012,0.002929,0.002929,-0.03835,-0.060454,0.053263,0.058856,0.060187,0.060187,0.045806,0.031425
-0.036263984374999995,-0.9310164140625002,0.34334662499999985,-0.027782195312500032,-0.014274945312499999,-0.03152935156249999,0.000034215501133612204,0.00008190933000830472,0.00037874996316535433,0.01514592449548123,0.0003488965369969858,0.00013471409752109978,-0.048889,-0.049927,-0.048828,-0.050354,-0.050354,-0.047607,-0.94928,-0.952271,-0.951233,-0.945862,-0.941284,-0.935303,0.315613,0.311279,0.320557,0.329773,0.34021,0.344788,0.229032,0.229298,0.216781,0.192014,0.183225,0.165649,-0.023968,-0.014115,-0.009055,0.003196,0.003728,0.004261,-0.031159,-0.031692,-0.032491,-0.033023,-0.034355,-0.038083
0.05456019531250001,-0.9954929453124997,0.0525550546875,-0.0151404609375,-0.018721195312499998,-0.026042843750000006,0.00003058718711903296,0.00001063592165840307,0.00003882881244580461,0.00015778539166775348,0.00007882834439462354,0.00022704959843208665,0.052429,0.056335,0.052185,0.054138,0.056519,0.057922,-0.990601,-0.996155,-1.001648,-0.996643,-0.994934,-0.995239,0.039001,0.04303,0.050537,0.059021,0.0625,0.062683,0.002131,0.00506,0.00506,0.000533,-0.002929,-0.003462,0.004527,0.005593,0.007723,0.001065,-0.012251,-0.020506,-0.003728,-0.002131,-0.003995,-0.001864,0.000799,0.003196
0.056144265625000016,-0.9956593359374998,0.05062386718750002,-0.01821765625,-0.018103242187500004,-0.0327423671875,0.0000324636248265256,0.000010142369768147164,0.00004696777340741879,0.00011392197838484249,0.00006998511883064717,0.00006762284758852122,0.052673,0.047546,0.045776,0.047485,0.047913,0.051575,-0.993958,-0.992737,-0.995972,-0.99939,-0.999939,-0.998718,0.055664,0.059753,0.055603,0.057678,0.060547,0.057922,-0.014381,-0.014914,-0.01012,-0.002929,0,-0.002929,-0.019441,-0.02317,-0.02317,-0.0253,-0.026632,-0.022903,-0.011718,-0.013316,-0.013848,-0.017577,-0.017311,-0.016778
0.07213210156249997,-0.9962906562500001,0.016984937500000002,0.0012733593750000024,-0.022863632812500014,-0.018051218749999997,0.000014412699225824316,0.00001588798173917321,0.0000536303562007874,0.0007645059893973917,0.00006631866163576523,0.0000556626719832677,0.065125,0.068298,0.066284,0.06958,0.068542,0.066284,-0.986938,-0.984314,-0.989868,-0.991943,-0.995667,-1.006775,0.00885,0.021179,0.013184,0.01947,0.024536,0.054932,0.013582,0.016245,0.018376,0.014914,0.008788,-0.009587,-0.015713,-0.02024,-0.017577,-0.017843,-0.022637,-0.035686,0.00506,0.000533,-0.004261,-0.007457,-0.011718,-0.015446
-0.07615524218749997,-0.9955978515625001,-0.04670097656250003,0.07220911718749996,-0.023238203124999992,-0.03643121093750001,0.0000704637034920645,0.0000204523967415724,0.0009469405099443283,0.0006181203062932454,0.00015017346871432083,0.00018965721927011569,-0.085999,-0.087952,-0.082825,-0.082275,-0.07782,-0.077576,-1.002747,-1.002869,-1.000122,-0.997497,-0.995056,-0.989746,-0.1026,-0.10498,-0.099976,-0.099487,-0.098511,-0.082764,0.109989,0.111054,0.115315,0.118511,0.116114,0.112652,-0.000266,0.005859,0.007457,0.007191,0.001065,0.001065,-0.016512,-0.024501,-0.025034,-0.024235,-0.019175,-0.019441
-0.07196953125000002,-0.9965229218750001,-0.023514757812500005,0.06639178906249998,-0.02327148437499999,-0.035093375,0.00004903103744783464,0.00001696757273400595,0.0008866929645156866,0.0005504212360102733,0.00012810642626747055,0.00023468039639370085,-0.085754,-0.081665,-0.081787,-0.083984,-0.084961,-0.0849,-0.991211,-0.993652,-0.992676,-0.995667,-0.999512,-1.003174,-0.077942,-0.075012,-0.069031,-0.062012,-0.063416,-0.062195,0.067644,0.069775,0.067112,0.064715,0.064715,0.064182,-0.014914,-0.015446,-0.017577,-0.023968,-0.026898,-0.029561,-0.041279,-0.04341,-0.041279,-0.042344,-0.040746,-0.043143
0.10984417187500001,-0.9517340468750003,-0.2972746328125001,0.010916859375000004,-0.023991335937500004,-0.025766125000000004,0.000011876706064714561,0.000009550617698572837,0.00007035383328930852,0.0002080660589092028,0.0000948217359256274,0.000045515365921259846,0.105896,0.103027,0.104248,0.107056,0.104065,0.104736,-0.948608,-0.944763,-0.942993,-0.946838,-0.948547,-0.955505,-0.314941,-0.31665,-0.311218,-0.313721,-0.305481,-0.308167,0.017044,0.018908,0.02024,0.023436,0.019441,0.018908,-0.047671,-0.046605,-0.049002,-0.052731,-0.050067,-0.044475,-0.012517,-0.014115,-0.013316,-0.013316,-0.014115,-0.017311
0.11086176562500002,-0.9541068203125005,-0.28953035156250007,0.016911046875000002,-0.01960543750000001,-0.0257328203125,0.000009083174858021657,0.00001593982947139518,0.00012009242964708405,0.00036932739891117115,0.0000623980298543307,0.00004904396959737943,0.106506,0.106873,0.107971,0.108093,0.106323,0.104309,-0.950256,-0.947083,-0.952087,-0.951843,-0.949097,-0.952881,-0.30719,-0.301514,-0.293396,-0.291382,-0.293274,-0.308167,0.017311,0.012517,0.007457,0.004261,0.002397,0.006125,-0.019707,-0.022371,-0.024235,-0.024767,-0.019707,-0.015713,-0.026365,-0.026632,-0.029561,-0.029561,-0.032224,-0.037817
0.11073826562500004,-0.9569487890625001,-0.2793251015625001,0.0266648828125,-0.016890250000000006,-0.022418390624999993,0.000014946995172982286,0.00002249994366381649,0.00027131188321007625,0.0003971507441357652,0.00010598790637795278,0.00005913403168873031,0.108276,0.11322,0.11261,0.107239,0.107056,0.106384,-0.94928,-0.950378,-0.950684,-0.954285,-0.956055,-0.95697,-0.29071,-0.291809,-0.292114,-0.295959,-0.303894,-0.305969,-0.005593,-0.007191,-0.013848,-0.012517,-0.012783,-0.011452,-0.026632,-0.029827,-0.026632,-0.023968,-0.023436,-0.021572,-0.035154,-0.03329,-0.033822,-0.035686,-0.037551,-0.038882
0.085938953125,-0.9841032187499997,0.1442370703125,-0.016010226562500014,-0.022195820312500007,-0.026868812500000006,0.000027323709194635813,0.00001780147481791342,0.00021802347294777314,0.0034151102214207076,0.00020999437095171024,0.00009189706005905517,0.078674,0.081848,0.082336,0.083252,0.075073,0.075562,-0.986389,-0.990356,-0.991028,-0.992371,-0.991394,-0.985535,0.127991,0.120361,0.125488,0.141785,0.148499,0.152222,0.119576,0.123038,0.122239,0.116646,0.112385,0.1012,-0.052198,-0.050334,-0.048203,-0.046605,-0.047404,-0.040214,-0.028762,-0.028496,-0.026365,-0.026898,-0.027697,-0.036752
0.08838514843750003,-0.9854025859374999,0.13388396875,-0.041778367187500005,-0.02327565625,-0.029192828124999997,0.000038630382064406975,0.000014962407646099912,0.0004506557887706692,0.0007780272427066312,0.00018374204777066937,0.00010910691217495076,0.086121,0.09552,0.092346,0.09314,0.088989,0.091309,-0.983459,-0.982361,-0.982727,-0.982483,-0.982971,-0.979309,0.148315,0.15094,0.154602,0.153687,0.150574,0.156128,-0.003462,-0.001065,0,-0.001864,0.001065,-0.001065,-0.017843,-0.01518,-0.014381,-0.006924,-0.000799,0.002131,-0.026898,-0.02823,-0.023968,-0.022104,-0.018908,-0.016778
0.09006217187499999,-0.9866261562499997,0.12354088281250006,-0.03835369531250003,-0.02375003906249999,-0.02697904687499999,0.00003753992187573819,0.000012599773817913398,0.00036906170678143433,0.001037438159520608,0.0001789205725732652,0.00017465545506865159,0.091492,0.087402,0.083069,0.078308,0.07959,0.080139,-0.983887,-0.979919,-0.980774,-0.984131,-0.9823,-0.980896,0.135376,0.145935,0.162354,0.177185,0.173401,0.171631,-0.029028,-0.024767,-0.037817,-0.055127,-0.062584,-0.065514,-0.015713,-0.011452,-0.012251,-0.011452,-0.015446,-0.019441,-0.018376,-0.01518,-0.016778,-0.022104,-0.025566,-0.030094
0.09070064843749999,-0.9879818203125001,0.11551379687499996,-0.024191070312499997,-0.02147589843749999,-0.0260281953125,0.00003064070152109988,0.00000865776025879676,0.0001435237913599901,0.0011688961048532853,0.0001860391919344857,0.00019101153836312745,0.082886,0.08252,0.078857,0.083496,0.084473,0.091309,-0.98645,-0.98645,-0.991882,-0.992554,-0.99115,-0.987854,0.145935,0.140686,0.138794,0.138245,0.133911,0.125549,-0.06871,-0.07084,-0.071373,-0.071639,-0.074835,-0.073503,-0.045274,-0.044208,-0.043143,-0.042078,-0.03542,-0.035154,-0.033822,-0.034621,-0.036752,-0.039947,-0.043676,-0.04048
0.09203290625,-0.9880676406250005,0.11447379687499998,-0.003863656250000002,-0.018577632812499998,-0.024840171874999997,0.00002884256372342519,0.000008057451476131881,0.00010024489147022634,0.0004994235492667325,0.00016086052292710407,0.00016639461096235234,0.087952,0.088013,0.089783,0.094238,0.093689,0.096436,-0.984497,-0.986145,-0.985596,-0.987427,-0.992004,-0.992188,0.128418,0.127136,0.120361,0.109863,0.10199,0.096985,-0.062584,-0.071905,-0.076965,-0.076166,-0.065247,-0.055127,-0.034088,-0.046073,-0.047671,-0.047404,-0.040214,-0.037551,-0.047138,-0.046872,-0.046605,-0.046605,-0.043942,-0.041812
0.09132479687499998,-0.9875378593749998,0.11981436718749994,0.005003812500000001,-0.015252843750000002,-0.021944007812500003,0.00002442065153321852,0.000009264074484005906,0.0000889651823444267,0.00008296747900393703,0.00009834993703051186,0.00011731278517316686,0.094971,0.096497,0.099731,0.09552,0.09552,0.089966,-0.987915,-0.986633,-0.991638,-0.994446,-0.994446,-0.989075,0.104858,0.106812,0.116394,0.111145,0.111145,0.119507,0.012251,0.015979,0.013848,0.009321,0.009321,0.011984,-0.017311,-0.017044,-0.018908,-0.015446,-0.015446,-0.018109,-0.011718,-0.011984,-0.010386,-0.00506,-0.00506,-0.005859
0.09137582812500003,-0.9869804296874995,0.12432479687499998,0.002465500000000001,-0.018223937500000006,-0.026196765624999997,0.000022184411623769686,0.000009159832766670765,0.00007550389337573816,0.00009447275226771657,0.00006919101958661419,0.000055045850606053155,0.08197,0.082886,0.085449,0.088989,0.087524,0.087646,-0.990601,-0.991638,-0.987549,-0.988892,-0.992859,-0.991882,0.099304,0.097717,0.108398,0.124512,0.129639,0.127441,0.010653,0.019441,0.02823,0.028496,0.016512,0.002397,-0.001598,0.007191,0.007191,0.00506,-0.002131,-0.004527,-0.009587,-0.012517,-0.015446,-0.017044,-0.018376,-0.020773
0.09327937499999998,-0.9861712265624994,0.12885571875000001,0.004756218750000001,-0.017739171874999994,-0.025940843750000008,0.000013851163007874012,0.000007067533467950259,0.00007420138785728347,0.00009572199286515747,0.00004683672804896653,0.00003602303452657478,0.092102,0.087769,0.083252,0.07959,0.083923,0.089111,-0.987244,-0.987488,-0.989319,-0.989258,-0.989563,-0.989746,0.121704,0.128723,0.129822,0.132629,0.125427,0.118286,0.011452,0.014647,0.013582,0.007989,0.000799,0.001332,-0.002663,-0.004527,-0.010653,-0.016778,-0.019707,-0.021572,-0.02823,-0.023968,-0.02823,-0.032224,-0.039681,-0.042078
0.09340574218749996,-0.98548075,0.13230041406249998,-0.005935984374999999,-0.0182135234375,-0.024759085937499998,0.00001331566455505659,0.000008478877889763764,0.00006831921433901332,0.00032750820840920267,0.000047936847889210106,0.000023271857291769195,0.094055,0.09314,0.09198,0.092896,0.094299,0.100525,-0.984497,-0.986023,-0.985718,-0.988159,-0.988464,-0.984436,0.123169,0.127563,0.125977,0.119568,0.12384,0.130859,0.006924,0.01012,0.01012,0.015446,0.017843,0.015446,-0.023702,-0.024767,-0.02317,-0.016512,-0.008788,-0.003995,-0.026898,-0.026099,-0.026632,-0.031425,-0.027431,-0.024767
0.094203,-0.9855432421875002,0.13163953124999997,-0.010051374999999998,-0.018321703125000005,-0.025703671874999987,0.000020673043905511815,0.000008944704814899104,0.0000848864838100394,0.00035068585981102353,0.00011258043528124996,0.000022293888930856304,0.090393,0.093628,0.095886,0.095093,0.096558,0.092224,-0.987366,-0.989075,-0.987366,-0.979675,-0.990906,-0.990723,0.127747,0.126648,0.127808,0.131714,0.127075,0.120667,-0.007723,-0.007723,-0.005593,-0.006392,-0.009321,-0.005593,-0.023968,-0.022637,-0.023436,-0.026099,-0.026365,-0.024767,-0.028496,-0.028496,-0.026632,-0.026898,-0.023436,-0.024501
0.09436273437499999,-0.9854888671875001,0.132087734375,-0.004575265624999995,-0.0157667265625,-0.02367301562499999,0.000023601331991879913,0.00000889429707671013,0.00008533648978715555,0.0005240700122281003,0.0001193120997592889,0.00004010449089739172,0.096802,0.096924,0.099121,0.095886,0.093384,0.091064,-0.986206,-0.986755,-0.986023,-0.986267,-0.985596,-0.982788,0.124207,0.125061,0.128113,0.127991,0.138794,0.134949,0.005326,0.007989,0.008522,0.011718,0.009854,0.007191,-0.019175,-0.013848,-0.015979,-0.017044,-0.015979,-0.01518,-0.02823,-0.024767,-0.024235,-0.021305,-0.022371,-0.022371
0.09411763281249996,-0.9850334921875002,0.13440899999999997,-0.0040363906250000005,-0.01699012499999999,-0.025156523437499995,0.000023062068785371567,0.00000918496669285188,0.00009030156314960627,0.0005481505116887306,0.00011051274478740158,0.000042844073841966035,0.086121,0.089417,0.089417,0.091736,0.091492,0.08783,-0.980652,-0.985657,-0.985657,-0.986755,-0.982605,-0.979431,0.141663,0.137695,0.137695,0.13916,0.138123,0.144104,-0.032491,-0.033023,-0.030893,-0.031692,-0.030626,-0.030094,-0.026632,-0.029561,-0.026099,-0.019707,-0.015713,-0.014647,-0.030094,-0.029028,-0.02823,-0.027697,-0.025034,-0.022903
0.09445569531249998,-0.9846510859375001,0.13701730468750004,0.006071179687499996,-0.01611212499999999,-0.023858226562499998,0.00002180160246548969,0.000009452443590981816,0.00011303639137887541,0.00027039745247926935,0.00010682669337007881,0.000039063021688422754,0.08783,0.093384,0.092773,0.102783,0.105347,0.104492,-0.978149,-0.981873,-0.983826,-0.985107,-0.989136,-0.988037,0.143677,0.133545,0.125183,0.117371,0.119263,0.119385,-0.026365,-0.037018,-0.039947,-0.037284,-0.030094,-0.017843,-0.037817,-0.043143,-0.03835,-0.032757,-0.030893,-0.036752,-0.024501,-0.028762,-0.03329,-0.035953,-0.030893,-0.0253
-0.060702804687500014,-0.87236453125,0.06463860937499988,-0.7984552109374999,-0.2033822734375001,-0.6198819765625004,0.09110711248647337,0.018500751597715557,0.10569540704028714,0.3249227032092072,0.10985583757002704,0.24369663169714118,-0.728821,-0.651245,-0.605103,-0.571655,-0.55719,-0.555786,-0.5354,-0.564819,-0.585754,-0.610535,-0.632446,-0.668274,0.548218,0.556396,0.591431,0.599731,0.586731,0.56842,-1.07139,-1.106011,-1.128648,-1.155279,-1.186705,-1.230647,-0.862864,-0.988832,-1.127582,-1.224788,-1.26367,-1.241566,-0.375772,-0.393083,-0.39974,-0.404534,-0.408795,-0.435959
0.07917550781249998,-0.9516439687500002,-0.10573529687500001,-0.4267195156249998,-0.08652772656249995,-0.37796707812499974,0.030230177614299157,0.0038895623239990147,0.039388332313186745,0.41601046571182654,0.019242050692231717,0.3253335196995527,-0.309509,-0.314209,-0.325317,-0.337524,-0.356262,-0.364746,-0.776306,-0.767273,-0.76532,-0.770752,-0.780457,-0.807129,0.399414,0.377075,0.373901,0.385925,0.375305,0.341431,-1.006941,-0.979511,-0.962466,-0.974451,-0.984837,-0.988832,0.16192,0.190949,0.217048,0.216781,0.214384,0.214917,-1.123854,-1.092961,-1.062868,-1.041296,-1.031975,-1.038633
0.1366267499999999,-0.975062890625,-0.17754171875000005,-0.07182626562500002,-0.10059464843749995,-0.08676915624999997,0.0059765096405196855,0.000856092050428888,0.005911355721621064,0.1593367419816454,0.009243047352292756,0.13222475372348722,0.068054,0.090881,0.097229,0.126587,0.131836,0.132568,-0.996033,-0.963013,-0.969299,-0.975525,-0.976379,-0.966248,-0.123901,-0.111694,-0.100952,-0.095337,-0.097107,-0.118713,-1.030111,-0.95714,-0.908937,-0.883104,-0.870587,-0.866593,-0.148871,-0.112119,-0.085221,-0.054861,-0.036752,-0.019707,-0.949683,-0.92971,-0.916926,-0.895355,-0.862598,-0.837032
0.11123327343750006,-0.9807600859375004,-0.15526246875000002,0.09700565625,-0.0646835703125,0.071537078125,0.005199888745145115,0.00046533633877208445,0.006777353298770672,0.023094630034022637,0.011388083725223359,0.0185613597451592,0.228149,0.251221,0.250732,0.268799,0.282166,0.28418,-0.929138,-0.914917,-0.92395,-0.931396,-0.935425,-0.944336,-0.258057,-0.261292,-0.280273,-0.297363,-0.31543,-0.32251,-0.326237,-0.308927,-0.276436,-0.241282,-0.200802,-0.163518,-0.333161,-0.347276,-0.358728,-0.359793,-0.356331,-0.346477,-0.217314,-0.178165,-0.153664,-0.132359,-0.114782,-0.107858
0.0676822890625,-0.9928998906250003,-0.10566852343749994,0.0981437265625,-0.02213125781249999,0.055605953124999975,0.000450455488506336,0.0000753557799406988,0.0017391006191333062,0.011698168101302607,0.002966988392681041,0.008662713565131642,0.112915,0.100952,0.085022,0.073303,0.066345,0.05304,-0.973755,-0.98175,-0.988037,-0.993286,-0.997314,-1.000122,-0.215576,-0.224976,-0.218567,-0.202332,-0.19397,-0.177795,0.264452,0.27324,0.287089,0.295611,0.290817,0.270045,-0.044475,-0.051665,-0.064448,-0.071905,-0.090015,-0.113451,0.321976,0.324906,0.328101,0.324906,0.311856,0.29348
0.057655820312500015,-0.9955635078125,-0.08215663281250002,0.02780089062499998,-0.013694445312499996,0.004065460937499999,0.0001206314449359621,0.000030642349307025175,0.00016478456125781256,0.003974288382365897,0.0017500116195402911,0.0006358066546913757,0.075439,0.069397,0.061951,0.058838,0.061646,0.060608,-0.983887,-0.987915,-0.991516,-0.994324,-0.995544,-0.994507,-0.098877,-0.09491,-0.098755,-0.100647,-0.10675,-0.11792,0.176301,0.167779,0.151001,0.142745,0.141414,0.141946,0.025566,0.019707,-0.010653,-0.031692,-0.0506,-0.059655,0.054861,0.057524,0.059122,0.056725,0.056193,0.049801
0.0522394296875,-0.9965281171875009,-0.0799055,-0.006878468750000001,-0.0023656015625,-0.005933835937499998,0.00010258385471942671,0.00003437681057671027,0.00017919597368503938,0.0008802631768809058,0.0016095872849187377,0.00040143899470515494,0.065857,0.063477,0.058411,0.054077,0.054138,0.057434,-0.996094,-0.996765,-1.00592,-1.010925,-1.005554,-0.99353,-0.086609,-0.092041,-0.090637,-0.083374,-0.083984,-0.074585,0.026099,0.029028,0.039415,0.044208,0.035686,0.027963,-0.027431,-0.024235,-0.031425,-0.040746,-0.039947,-0.037018,-0.007191,-0.003995,-0.006125,-0.018109,-0.029827,-0.03542
0.04620932812500002,-0.9974307890625007,-0.07904194531250004,-0.0057653750000000005,-0.012221414062499988,-0.007454749999999996,0.00004404712830093505,0.000025674966230745627,0.00017364234861903306,0.0006991588704409445,0.0007656541306854699,0.00025277758985826795,0.062073,0.062805,0.058655,0.057373,0.064514,0.054749,-0.994629,-0.995483,-1.00293,-1.004578,-0.998901,-0.991821,-0.078186,-0.072021,-0.071533,-0.075623,-0.083679,-0.084045,0.010653,0.004261,0.002397,-0.001332,-0.000533,-0.008522,0.046605,0.038083,0.034621,0.022371,0.010919,-0.000799,0.037284,0.038882,0.039947,0.036219,0.034621,0.037551
0.04292679687500001,-0.9976453828125001,-0.07752800781250002,-0.008353648437499996,-0.008923664062500003,-0.017834843750000003,0.00003969623061983269,0.000027719412458599952,0.00024464130351962353,0.0011275185498833046,0.0007522375386342891,0.00010148976630610238,0.046448,0.045532,0.04657,0.049683,0.05188,0.052002,-0.999573,-1.004395,-1.003357,-0.997864,-0.997314,-0.99231,-0.075378,-0.078674,-0.074524,-0.067139,-0.065796,-0.066284,-0.039681,-0.033822,-0.026632,-0.031159,-0.034355,-0.036219,-0.036752,-0.025566,-0.021039,-0.017311,-0.022104,-0.027431,-0.000533,-0.003196,-0.006658,-0.003462,-0.001065,-0.004794
0.04243660156250001,-0.9979300546875002,-0.07515335937500003,0.00617096875,0.0062979609374999995,-0.018835593749999997,0.0000945613564777928,0.00013436539175289117,0.0004003530303580217,0.0019432870174478348,0.0014319869841165724,0.0003228519735187008,0.043457,0.047913,0.052063,0.053284,0.047546,0.037842,-0.99939,-0.999329,-0.991577,-0.989136,-0.993896,-0.997253,-0.090881,-0.08429,-0.070312,-0.07135,-0.084412,-0.100342,-0.01012,-0.015713,-0.026365,-0.03329,-0.027697,-0.012783,0.009587,0.009321,-0.003462,-0.01518,-0.022104,-0.018376,-0.014115,-0.01518,-0.011984,-0.006924,-0.009321,-0.013848
-0.08575863281249996,-0.9957237265624997,0.01825474999999999,0.06319182031250002,-0.026173929687500014,-0.0188584765625,0.00018855559248615898,0.000037624875097871545,0.0011946700619842527,0.01113475175167612,0.0024771372072784808,0.00035235521004669054,-0.098328,-0.090576,-0.085938,-0.060364,-0.050476,-0.056763,-0.993774,-0.991638,-0.998901,-0.995911,-1.00354,-1.008179,-0.07666,-0.062256,-0.055176,-0.055969,-0.056091,-0.069153,0.203998,0.201335,0.194677,0.198406,0.207993,0.222374,0.027963,0.045007,0.05566,0.056725,0.048203,0.047138,-0.008256,-0.011452,-0.023968,-0.023436,-0.017843,-0.018642
-0.08769986718750003,-0.9952941015625001,0.034651742187499994,0.012577187499999998,-0.02757831250000001,-0.011784445312500003,0.00013398990724993847,0.00002298756374550937,0.000107189718240096,0.002015176663633858,0.0007897071754291349,0.00018528695895761552,-0.064209,-0.065796,-0.062927,-0.065002,-0.066406,-0.065979,-0.991882,-0.986938,-0.985352,-0.990662,-0.998718,-1.004578,0.050903,0.049561,0.037109,0.029785,0.025879,0.02832,0.130229,0.113983,0.109456,0.106526,0.107059,0.105461,-0.130761,-0.107592,-0.094276,-0.087618,-0.087352,-0.085487,-0.027697,-0.024501,-0.024501,-0.022903,-0.019974,-0.013582
-0.09294218750000002,-0.9951072031250002,0.0354142109375,-0.005586382812499996,-0.0205583671875,-0.014713929687500007,0.00003991773793307084,0.000017925345753690962,0.00010289468585279287,0.0005649813733247418,0.0001961605736672613,0.00009313297801863922,-0.093506,-0.094482,-0.085876,-0.079407,-0.079407,-0.081726,-0.990967,-0.989807,-0.990478,-0.989746,-0.989746,-0.988159,0.031067,0.035583,0.044861,0.048401,0.048401,0.050415,0.009587,0.010653,0.004261,-0.001332,-0.010386,-0.011185,-0.000266,0.003462,0.005859,0.004794,-0.005859,-0.013049,-0.007723,-0.004794,-0.002929,-0.001332,0.002397,0.008522
-0.09469315625000001,-0.9954948437500004,0.035111445312499996,-0.0033081171875000005,-0.0207872265625,-0.017235617187500003,0.000029605518810039355,0.000013419704715551213,0.00009131137621745817,0.0005012290541987573,0.0001817951464285802,0.00007448377806489913,-0.091614,-0.093994,-0.098511,-0.096619,-0.093506,-0.090942,-0.994385,-0.994629,-0.992371,-0.99707,-1.000122,-1.000793,0.023926,0.027649,0.023499,0.025452,0.027893,0.027527,-0.038616,-0.04048,-0.041545,-0.042078,-0.041812,-0.042344,0.00506,-0.005326,-0.006924,-0.011185,-0.010919,-0.007191,-0.012251,-0.014381,-0.017044,-0.021039,-0.021305,-0.020506
-0.092383375,-1.0016865859374997,0.04131128906249999,-0.007785546874999999,-0.07441455468749998,-0.013430210937500003,0.00021029395212598422,0.0003958544919925566,0.00013159886965594244,0.002579689981997786,0.023653545538343437,0.0003813054197425566,-0.08783,-0.085144,-0.086243,-0.087036,-0.088379,-0.093323,-0.993652,-0.991516,-0.991638,-0.992859,-0.997925,-0.999085,0.021118,0.018311,0.023804,0.018494,0.021118,0.029053,0.031692,0.035686,0.039681,0.040214,0.041279,0.039148,-0.031159,-0.033023,-0.037817,-0.039947,-0.041545,-0.042611,-0.016245,-0.012783,-0.009587,-0.00506,-0.003728,-0.003196
0.12948421093750004,-0.9866995546874996,-0.11130281249999999,0.041928164062499974,-0.029646421874999995,0.007188445312499993,0.0005711718075850762,0.0001202851092725763,0.0006553656567047243,0.0022264622271303525,0.002200982095678889,0.003328867476910373,0.141663,0.133911,0.152771,0.148376,0.159485,0.175354,-0.976257,-0.968628,-0.958923,-0.958252,-0.965576,-0.970093,-0.149109,-0.139954,-0.136597,-0.135925,-0.143799,-0.155945,0.051399,0.074835,0.081493,0.098803,0.103863,0.096673,-0.076166,-0.09907,-0.098803,-0.110255,-0.116913,-0.115049,0.041545,0.025034,0.019441,-0.005859,-0.021305,-0.035154
0.12041425781249998,-0.9900674843749995,-0.09702105468750005,0.0262176015625,-0.011807359374999998,-0.012367062500000003,0.00015300610916922988,0.000043586564582431146,0.00019261065498123783,0.001088535601737635,0.0007858917140588092,0.002157068950972443,0.163025,0.150146,0.139526,0.134583,0.129211,0.124207,-0.974487,-0.972778,-0.970947,-0.976501,-0.982239,-0.983704,-0.121948,-0.126953,-0.121582,-0.124084,-0.128906,-0.132019,0.106793,0.1012,0.08096,0.087884,0.093743,0.10413,0.029295,0.03835,0.065514,0.074569,0.072971,0.067112,0.106793,0.116114,0.133424,0.143278,0.146474,0.144343
0.12303780468750004,-0.9902248125,-0.08824867968750003,0.026933273437500002,-0.011690867187499995,-0.03444217187499999,0.000032318233245017225,0.000016838354893700772,0.0001874650315107652,0.0009741842711293677,0.0005214909374231665,0.00011827544480487204,0.113892,0.111389,0.111267,0.114502,0.113892,0.118286,-0.988098,-0.986816,-0.987244,-0.985168,-0.987793,-0.997986,-0.096436,-0.094116,-0.092773,-0.095947,-0.092468,-0.089722,0.034621,0.039415,0.034887,0.03329,0.028496,0.023968,-0.053796,-0.051932,-0.050334,-0.044475,-0.046872,-0.047404,-0.031958,-0.036752,-0.037817,-0.03835,-0.039415,-0.040214
0.1273383828125,-0.9909396015624997,-0.07468507031249998,0.06798339062500001,0.0014522656249999976,-0.037794015625,0.0000515539594664739,0.00001437999381637548,0.0006384877639241512,0.004183559895735974,0.0005576183516769195,0.00019088551407849417,0.124268,0.124512,0.131104,0.133362,0.136292,0.132263,-0.99408,-0.987915,-0.985291,-0.986572,-0.982178,-0.988342,-0.100952,-0.113403,-0.097229,-0.10199,-0.102783,-0.088989,-0.010653,0.001598,0.006658,0.01012,0.011718,-0.001598,0.000266,0.014381,0.022371,0.031425,0.034088,0.029028,-0.044475,-0.042078,-0.034887,-0.028496,-0.020506,-0.018908
-0.06266168750000001,-0.9960455859374997,-0.048771921875000034,0.09722614843749999,-0.03848271093750001,0.035230718750000035,0.001053676626610236,0.00007662978967759597,0.00265303070934818,0.008908170449261262,0.002090902316726808,0.003959046358046259,0.021301,0.028503,0.036438,0.057495,0.012146,0.014099,-1.010498,-1.00293,-0.993347,-0.974915,-0.988342,-0.975098,-0.187073,-0.206787,-0.215759,-0.215271,-0.178711,-0.165344,0.127299,0.147273,0.193878,0.210123,0.2277,0.234358,-0.069775,-0.049268,-0.008522,0.011185,0.021039,0.02024,0.031692,0.027697,0.044208,0.061785,0.084689,0.093211
-0.07605985156250002,-0.9980287734375003,-0.021520664062500004,0.04146621093749999,-0.03741119531249999,-0.008913234375000004,0.00018241749530850145,0.00003398822441283215,0.0003072619503665725,0.002903484916797674,0.001253642208552104,0.0025447281691572334,-0.033936,-0.035034,-0.042542,-0.054199,-0.065247,-0.078247,-0.996094,-0.996277,-0.997192,-0.995239,-0.996948,-1.004578,-0.063049,-0.078247,-0.0802,-0.070007,-0.057739,-0.046814,0.178698,0.188285,0.189883,0.182959,0.168844,0.154463,-0.011984,-0.014115,-0.018376,-0.014381,0.003196,0.018908,0.105994,0.109456,0.113983,0.11132,0.101733,0.091346
-0.07519150781250003,-0.9978156328124997,-0.010551976562499999,0.019726093750000007,-0.033940742187500025,-0.0263631875,0.0001129440631652928,0.000028621792974347948,0.0001894888812829109,0.0005876260453769686,0.0008779328349645051,0.0008398904137125985,-0.07605,-0.070984,-0.065247,-0.067017,-0.063477,-0.064331,-0.997925,-0.994385,-0.989502,-0.990906,-0.988342,-0.989197,-0.045532,-0.037842,-0.023621,-0.013123,-0.019226,-0.020752,0.055926,0.057791,0.056992,0.054328,0.054062,0.058856,-0.093477,-0.069242,-0.063916,-0.062584,-0.058057,-0.056725,-0.004794,-0.004261,-0.003196,0.002929,0.007457,0.016778
-0.07321835156250005,-0.9979777421874997,-0.003433273437499997,0.012597976562499998,-0.024315898437499997,-0.030187304687500006,0.00010317812418251722,0.000020221313688914865,0.0001960429447986589,0.0003993337754246429,0.0006981216137612575,0.0006437278185599777,-0.079773,-0.082581,-0.084717,-0.083801,-0.084106,-0.086609,-0.994019,-0.995544,-0.99585,-0.993835,-0.995117,-0.996216,-0.010254,-0.011536,-0.014832,-0.009338,-0.011292,-0.007812,-0.011185,-0.01518,-0.013316,-0.01012,-0.010386,-0.011718,-0.041013,-0.036219,-0.036219,-0.037284,-0.038083,-0.031958,-0.002929,-0.005859,-0.007457,-0.005326,-0.006658,-0.011718
-0.06979895312500005,-0.9982991484375002,0.0032648828125000006,0.0064623046875,-0.022536999999999998,-0.03388659375000001,0.00006341812739936023,0.000019328058064407027,0.0001897976483247417,0.0005766970383237571,0.0006859329343464563,0.0005665936026210637,-0.072693,-0.081909,-0.09082,-0.09082,-0.093567,-0.087585,-0.998535,-1.003113,-1.006165,-1.006165,-1.006287,-0.998474,-0.003967,-0.012573,-0.024597,-0.024597,-0.024292,-0.007629,0.011984,0.003196,0.001332,0.011185,0.009055,0.003196,-0.001598,-0.023702,-0.031958,-0.020773,0.006658,0.009587,-0.042078,-0.043143,-0.045806,-0.061519,-0.077498,-0.080427
-0.06800558593750004,-0.9983387265624998,0.007428109375000003,0.006212640625000002,-0.013455210937499995,-0.021987703124999997,0.00004030789089019437,0.00001663425128684803,0.00013179553693282482,0.0006328326353029033,0.0001717310906244465,0.00014217252825762797,-0.066284,-0.060913,-0.059326,-0.056396,-0.054077,-0.055603,-1.001831,-0.995667,-0.990906,-0.991516,-0.99292,-0.99585,-0.013916,-0.014221,-0.022583,-0.022644,-0.02301,-0.023376,0.015713,0.027963,0.042877,0.051399,0.051399,0.057524,-0.051399,-0.041279,-0.037018,-0.022903,-0.006658,-0.000533,-0.052198,-0.047404,-0.041545,-0.034621,-0.030893,-0.027431
-0.0698619375,-0.9984126484374999,0.010043578125,0.007458906250000001,-0.006882609375000002,-0.03261952343750001,0.00003659596152362205,0.0000282218538045645,0.00007880748714345473,0.0008757650380856298,0.00037838845732652556,0.0005838781095427536,-0.063232,-0.058228,-0.059998,-0.060791,-0.066345,-0.067688,-0.995911,-0.996338,-1.002502,-1.004883,-0.999634,-0.997986,-0.008972,-0.004639,-0.001709,0.005859,0.003479,0.00592,0.005859,0.010653,0.023702,0.02823,0.028762,0.026632,-0.014647,-0.021572,-0.025566,-0.029028,-0.031692,-0.026632,-0.021572,-0.013316,-0.007989,-0.003995,-0.001332,-0.002397
0.0313992109375,-0.9972533828124998,-0.10176228125,0.019659539062499995,-0.016411695312500005,-0.03449417968749999,0.0004987196199000367,0.0001241573706790724,0.0009838764563454728,0.003896994418785865,0.0026649393558828114,0.002618430681156433,0.06012,0.058289,0.052856,0.054993,0.033203,0.028259,-0.9776,-0.981812,-0.98822,-0.992798,-1.003723,-1.007751,-0.185852,-0.182983,-0.178955,-0.166504,-0.157043,-0.146606,-0.213319,-0.185889,-0.156328,-0.131826,-0.109722,-0.097205,-0.055394,-0.046605,-0.035953,-0.043676,-0.054328,-0.064448,0.000799,0.018109,0.032491,0.046605,0.046073,0.03835
0.0398531015625,-0.9985393671874996,-0.08433960937499997,0.05404343749999999,-0.002486281249999997,-0.057628304687499965,0.0005696568396195253,0.000050406943698757375,0.00025060340071235226,0.0028547076195866144,0.0046876872985816935,0.0020747042346544657,-0.033264,-0.034424,-0.027466,-0.019897,-0.014282,-0.010315,-1.009033,-1.010132,-1.006836,-1.003723,-1.001465,-1.010437,-0.124084,-0.109802,-0.106628,-0.098022,-0.098938,-0.10083,0.073503,0.075367,0.074569,0.070041,0.075101,0.083623,0.05566,0.043942,0.034355,0.025833,0.021039,0.015979,0.016245,0.001065,-0.009587,-0.024235,-0.036219,-0.054328
-0.12338877343749999,-0.9896621562500001,-0.09092475000000001,0.0017081796874999966,-0.03124642968750002,-0.0303600078125,0.0002395742425073204,0.00007595605402263796,0.0003440836833543307,0.003985082637817852,0.0026351069427036798,0.0011335506161495445,-0.125732,-0.124084,-0.128479,-0.126587,-0.122559,-0.117493,-0.99939,-0.997986,-0.989258,-0.98706,-0.982544,-0.979431,-0.096985,-0.092957,-0.087402,-0.088623,-0.102234,-0.10321,0.139816,0.133957,0.13156,0.12437,0.115581,0.112918,-0.108391,-0.118777,-0.125701,-0.12437,-0.114782,-0.094809,-0.06365,-0.053796,-0.051399,-0.045007,-0.041279,-0.035953
-0.122777484375,-0.9903511875000001,-0.0936012109375,-0.017845234374999987,-0.021074382812500007,-0.0306991171875,0.00019049594488164385,0.00006425283290944887,0.0002587252928449189,0.0014806661824800693,0.0019023122985058433,0.0009996614173641116,-0.158203,-0.15387,-0.149719,-0.14624,-0.145508,-0.140442,-0.99231,-0.992981,-0.992615,-0.991089,-0.98877,-0.980957,-0.058838,-0.069153,-0.072754,-0.067627,-0.05957,-0.055725,-0.075634,-0.079629,-0.087085,-0.099602,-0.111586,-0.129163,-0.028496,-0.031692,-0.034621,-0.033556,-0.035686,-0.03835,-0.033023,-0.038616,-0.038882,-0.041545,-0.047937,-0.049268
-0.12231019531250004,-0.9902639374999999,-0.09344576562500005,-0.0013669687500000008,-0.03410513281249999,-0.026723124999999986,0.00007815188642611958,0.000024426775870078755,0.00012015270188164372,0.00037069537500689,0.0004279326546042693,0.0003033426888661418,-0.118835,-0.118225,-0.12793,-0.135132,-0.13269,-0.127869,-0.989319,-0.978699,-0.981018,-0.987976,-0.98761,-0.986511,-0.079651,-0.089966,-0.10437,-0.114502,-0.118896,-0.119568,-0.03835,-0.04341,-0.04048,-0.025566,-0.013582,-0.004794,-0.074302,-0.084156,-0.082292,-0.074302,-0.071373,-0.075101,-0.013582,-0.007723,-0.011185,-0.018908,-0.024501,-0.024501
-0.12178659375,-0.9906945546875003,-0.08918380468750002,0.005536437499999997,-0.02758869531249999,-0.029646398437499995,0.00006475922029035433,0.000012559963524544735,0.00007290224946548969,0.00021307692557086635,0.0003301083752056471,0.000202730887611651,-0.155212,-0.149231,-0.143616,-0.139526,-0.133972,-0.126892,-0.988281,-0.990784,-0.995422,-0.99231,-0.988892,-0.981689,-0.105591,-0.10791,-0.109253,-0.103638,-0.103821,-0.098694,0.014115,0.019707,0.022903,0.024235,0.031692,0.037018,-0.041013,-0.042611,-0.047937,-0.04847,-0.052997,-0.061253,-0.030094,-0.042078,-0.046872,-0.052464,-0.049002,-0.047138
-0.1202254609375,-0.9916563359375001,-0.08382126562500002,0.014859570312500002,-0.024794414062499992,-0.028905726562500008,0.000011672562596887294,0.000010965722272084124,0.00012040836866904526,0.0005991437157430486,0.0003898795828586983,0.00012262194149157234,-0.121887,-0.121033,-0.115784,-0.116272,-0.114197,-0.122253,-0.991333,-0.990417,-0.98877,-0.987793,-0.985168,-0.990478,-0.090332,-0.079529,-0.090576,-0.095642,-0.10553,-0.100586,-0.007191,-0.014115,-0.01518,-0.00506,0.005326,0.011718,-0.015446,-0.013848,-0.013316,-0.013848,-0.009587,-0.004527,-0.029827,-0.030626,-0.027431,-0.024235,-0.018109,-0.022637
-0.11752559375000003,-0.9918194140625002,-0.07209393750000002,0.01866496875000001,-0.031215164062499995,-0.03770457031249999,0.00004006041463681101,0.000019126958118540865,0.00039159633996456705,0.0011380299418257875,0.0005223158853823204,0.00019211537558556848,-0.123657,-0.120667,-0.121033,-0.119568,-0.121277,-0.121704,-0.988831,-0.98822,-0.986572,-0.991272,-0.993103,-0.990601,-0.080688,-0.097595,-0.088318,-0.080872,-0.082764,-0.085449,-0.004794,0.001065,0.000799,0,-0.002131,-0.002929,-0.025034,-0.022104,-0.021305,-0.029295,-0.021838,-0.013049,-0.023968,-0.022637,-0.022903,-0.02317,-0.023702,-0.026632
-0.1107978828125,-0.9940619296874998,-0.0721478359375,0.0447556328125,0.00017476562499999665,-0.0381498046875,0.0001401878692066314,0.0000756331819713952,0.0006833817020752338,0.012384704906517654,0.0051014987974564475,0.0002910409714339937,-0.11853,-0.123291,-0.126099,-0.123596,-0.123718,-0.123047,-0.988953,-0.992554,-0.995728,-0.995239,-0.992859,-0.99231,-0.085449,-0.082642,-0.080688,-0.077576,-0.078247,-0.08606,0.000533,-0.001332,-0.003196,-0.009854,-0.012783,-0.011984,-0.003995,-0.007989,-0.007191,-0.011452,-0.009321,-0.008256,-0.018109,-0.018642,-0.023968,-0.026632,-0.030893,-0.031958
-0.11896225,-0.9934516093749999,-0.13729905468749998,-0.2855491249999996,-0.06875743750000005,0.015762562499999994,0.000603835227559055,0.0006445633508540843,0.0064416529324615515,0.3941650381299684,0.02320703246716142,0.0016314575078858271,-0.108032,-0.108215,-0.109314,-0.108643,-0.133972,-0.156921,-0.937927,-0.98114,-1.036072,-1.020447,-1.013733,-1.005554,0.094421,0.070312,0.05365,0.051392,0.039978,0.010132,-1.867409,-1.829858,-1.796036,-1.777926,-1.776861,-1.74224,-0.333161,-0.285757,-0.264452,-0.256462,-0.243147,-0.236489,0.009854,0.041279,0.083623,0.11132,0.1012,0.071106
-0.12599465625000003,-0.9879088515624996,-0.13315579687499998,0.03133586718749999,-0.05020268749999999,0.0005867343749999985,0.0005578130354557089,0.0002283260171982651,0.003076515279643455,0.019076250684683008,0.016242178129114177,0.0020304430491099898,-0.073364,-0.070862,-0.072876,-0.084229,-0.087585,-0.082886,-1.002441,-1.003906,-0.993652,-0.977905,-0.963623,-0.953369,-0.23468,-0.232971,-0.229248,-0.222839,-0.212341,-0.203491,-0.426638,-0.388555,-0.35207,-0.317715,-0.279366,-0.233559,0.245011,0.259925,0.269246,0.278833,0.281496,0.265783,0.032757,0.052997,0.069775,0.069509,0.063117,0.057791
-0.133769953125,-0.9913387500000002,-0.10203646874999998,0.08004050781249998,-0.06280272656249998,-0.0201984375,0.00028818753856471455,0.0004735115254960631,0.000864729670770669,0.005973096257417262,0.0076445710167356625,0.002054797229350394,-0.122253,-0.117126,-0.108887,-0.107666,-0.107056,-0.110596,-0.98523,-0.987305,-0.992432,-0.996826,-0.987183,-0.982117,-0.19397,-0.189575,-0.185608,-0.173584,-0.1651,-0.159485,0.165649,0.173105,0.181894,0.188285,0.189617,0.188818,-0.188019,-0.180562,-0.178964,-0.189351,-0.176834,-0.158192,-0.026898,-0.027697,-0.022637,-0.015713,-0.002131,0.005859
-0.056880945312500014,-0.9986071718750005,-0.008445234375000001,-0.0093190234375,-0.029482023437499994,-0.008478406250000002,0.00009656128995761559,0.000037445547135580736,0.00021460073326747052,0.0014767496449049568,0.0006849091830151936,0.0003276276886525588,-0.035645,-0.033875,-0.034302,-0.039978,-0.047119,-0.048523,-0.993713,-0.991028,-0.990906,-0.989258,-0.993896,-0.997559,0.010376,0.014404,0.019104,0.022766,0.018066,0.015137,0.084156,0.068177,0.04847,0.039148,0.019441,0.010653,-0.060986,-0.045007,-0.036485,-0.036752,-0.029827,-0.029827,0.009854,0.02024,0.03036,0.030893,0.030626,0.029028
-0.05920795312500001,-0.9998393046875005,-0.011335359374999996,-0.003726359374999997,-0.030930148437500003,-0.0171857109375,0.00007398579911589561,0.00003099025689068653,0.00016305684016904528,0.0013912558139170766,0.00045138192707228097,0.00010662386885279281,-0.054565,-0.060425,-0.064758,-0.069275,-0.066101,-0.055969,-1.003052,-0.999512,-0.999451,-1,-0.993164,-0.999207,0.006714,0.001587,0.001953,-0.003357,-0.011841,-0.002991,-0.002397,-0.016245,-0.021305,-0.020773,-0.010653,-0.013049,-0.069242,-0.068177,-0.064182,-0.059655,-0.043942,-0.035686,-0.00506,-0.006392,-0.007989,-0.009854,-0.007191,-0.007191
-0.059862171875,-0.9999074921875001,-0.007835421875000002,0.0242576640625,-0.0348208828125,-0.021115960937500004,0.00005076348236392715,0.0000265243904881275,0.00023562288169463584,0.0014206610768390134,0.00022136895257671008,0.00012211961715594244,-0.060303,-0.059387,-0.057922,-0.058167,-0.061096,-0.062012,-1.005798,-0.999329,-0.99408,-0.992981,-0.994202,-0.997375,-0.007874,-0.011841,-0.011169,-0.016479,-0.023682,-0.028564,-0.061785,-0.06365,-0.063916,-0.058323,-0.051133,-0.041545,-0.035953,-0.040214,-0.041545,-0.041013,-0.042877,-0.031692,-0.023968,-0.02317,-0.025833,-0.03036,-0.033822,-0.034621
0.00021503125000000032,-0.995930671875,-0.10442496093750003,0.008295328125000003,-0.016189101562499992,-0.014526687500000001,0.00012231170825098428,0.000040949558726131866,0.00046811289205358033,0.001420415486001722,0.0011581125725014152,0.00012129454226377953,-0.007507,0.002441,0.007446,0.00946,0.014771,0.014099,-1.000793,-0.994019,-0.994263,-0.996521,-0.994568,-0.99353,-0.122314,-0.121643,-0.118652,-0.120239,-0.114136,-0.112122,0.041812,0.03542,0.026099,0.02024,0.015979,0.012517,-0.054062,-0.037284,-0.028496,-0.017577,-0.013316,-0.009587,-0.015713,-0.020773,-0.023702,-0.025833,-0.020506,-0.011452
-0.002442843749999999,-0.9967146093750001,-0.097473140625,0.011303875,-0.026400648437500004,-0.019590859375,0.00010790659121948817,0.000042032660775344435,0.0004733385427044784,0.0018420932024724402,0.0014453346491116509,0.00024173061057849405,-0.000854,-0.00061,-0.00177,0.000671,-0.000183,0.001587,-0.999878,-0.996765,-0.994873,-0.992676,-0.993652,-0.997009,-0.105469,-0.102905,-0.110657,-0.118835,-0.124084,-0.127075,-0.005859,-0.015446,-0.02024,-0.018908,-0.013582,-0.004794,-0.027697,-0.034887,-0.040214,-0.046605,-0.05353,-0.057524,-0.01012,-0.009854,-0.010919,-0.012251,-0.010919,-0.008256
-0.002458085937500001,-0.9969010703124999,-0.0924906640625,0.003961468750000002,-0.021966921875,-0.0230987265625,0.0001230485957327141,0.00004220253268005657,0.0003911650934059424,0.0017881261657942925,0.0014898664237261324,0.00021666640678291084,-0.003723,-0.014771,-0.013794,-0.010986,-0.010437,-0.004456,-0.997131,-1.001038,-0.999329,-0.997681,-0.993591,-0.993225,-0.094177,-0.091736,-0.08606,-0.085266,-0.09082,-0.093872,0.045007,0.039947,0.033556,0.026898,0.024235,0.024767,-0.015713,-0.019441,-0.017311,-0.021572,-0.024235,-0.030893,-0.013049,-0.016512,-0.019175,-0.024501,-0.025034,-0.026099
-0.0018095781249999993,-0.9980006640625,-0.08994911718749997,0.040455078125,-0.028745484374999998,-0.023367140624999994,0.000179958216308809,0.00005154396340594228,0.0003989280556003325,0.009165361676781251,0.0012693025473540856,0.00023685078983833662,0.015869,0.014771,-0.000671,-0.025696,-0.025696,-0.025146,-0.998474,-0.997559,-1.000305,-0.997375,-0.995605,-0.988159,-0.130432,-0.130371,-0.113892,-0.059265,-0.04364,-0.032654,0.041545,0.017311,-0.022903,-0.064182,-0.094809,-0.113983,-0.031159,-0.019707,-0.014381,-0.015446,-0.041013,-0.071373,-0.009587,-0.009587,-0.017577,-0.026632,-0.033822,-0.034088
0.0010604843750000004,-1.0027442421875001,-0.06690881250000001,0.193251859375,0.020733125000000005,0.03079073437499999,0.00016615203004699793,0.00013994676856293061,0.0024168583082952765,0.0713484968220903,0.01187806663711811,0.016754333018180852,0.003723,0.005249,0.002563,0.005188,0.00238,-0.004089,-0.990723,-0.994141,-1.004517,-1.004456,-1.004395,-1.00354,-0.090393,-0.090759,-0.085144,-0.077332,-0.078064,-0.081055,0.115049,0.120109,0.111853,0.092412,0.06578,0.034355,-0.080694,-0.069242,-0.060986,-0.061785,-0.063117,-0.061519,-0.00506,0.000533,-0.000533,-0.004794,-0.010386,-0.016245
-0.040586929687499995,-0.9947337968750002,-0.09168193749999999,-0.014934492187500014,-0.0042111015625000015,-0.005503187500000001,0.0003554941606800565,0.00005979091414739178,0.0010146982805787409,0.006551449308094423,0.004235031441509286,0.001357229167791338,-0.031067,-0.026001,-0.019165,-0.016174,-0.016602,-0.017273,-0.980469,-0.980957,-0.983948,-0.983276,-0.983826,-0.983459,-0.013367,-0.025574,-0.035767,-0.039978,-0.044556,-0.046631,0.085487,0.052464,0.029028,0.017577,0.006924,0.006924,-0.100135,-0.102798,-0.097738,-0.086286,-0.074036,-0.074036,-0.095075,-0.08602,-0.079895,-0.070307,-0.062318,-0.062318
-0.04919954687500002,-0.9964113046875,-0.09764479687499998,0.0009633515624999985,-0.020989015625,0.00220540625,0.00017872711458046255,0.00004009183330013538,0.0006054691371710136,0.0037330041182455087,0.0018086405427084145,0.0007695862633612201,-0.026794,-0.020996,-0.019226,-0.016724,-0.027832,-0.032776,-0.995605,-0.997681,-0.996155,-1.002014,-1.012756,-1.014282,-0.081848,-0.088257,-0.097107,-0.110657,-0.139221,-0.134888,-0.145409,-0.143278,-0.132093,-0.118511,-0.111586,-0.102265,0.100401,0.089216,0.075367,0.068177,0.067644,0.06871,-0.000799,0.000266,0.003728,0.003196,0.003728,0
-0.057493664062500005,-0.9961290390624999,-0.088069921875,0.018527734374999993,-0.034770867187499985,-0.0067640234375000025,0.00009179394611460389,0.000030275171927596018,0.00038978205547416343,0.0013806260245273127,0.000462212213990096,0.0005605511705427532,-0.038757,-0.044006,-0.050293,-0.055542,-0.057434,-0.049072,-0.990662,-0.993835,-0.994385,-0.996704,-0.994385,-0.997803,-0.102722,-0.115417,-0.121582,-0.124817,-0.126587,-0.117126,0.005859,0.001598,0.006658,0.021572,0.036752,0.047937,-0.048203,-0.050067,-0.041279,-0.032757,-0.026099,-0.03542,0.064182,0.063383,0.056193,0.049801,0.038616,0.034355
-0.06101078124999998,-0.9960971093750001,-0.07886366406250002,0.007800164062500002,-0.034055148437499995,-0.020558374999999983,0.0000619722347391732,0.000018592123688730374,0.00017254784660279275,0.0009084659232563357,0.00041493207823763536,0.00016724187985826767,-0.076538,-0.073486,-0.060852,-0.054016,-0.050842,-0.055298,-1.001709,-1.001526,-0.998596,-0.990112,-0.984131,-0.983887,-0.069397,-0.073303,-0.082581,-0.080261,-0.076965,-0.076843,0.075634,0.069775,0.062584,0.05353,0.03329,0.017311,-0.048203,-0.047937,-0.049801,-0.051932,-0.054062,-0.052731,-0.018642,-0.024501,-0.020773,-0.015713,-0.008522,-0.004527
-0.06123778124999998,-0.9963946484375004,-0.07572847656249997,-0.002619460937499999,-0.026933304687500003,-0.0219378046875,0.000047013749306102367,0.000013479974371493631,0.00013903997981047002,0.0003028235919984621,0.00023154854993005645,0.00016040045187493834,-0.059082,-0.068237,-0.068237,-0.063354,-0.055359,-0.051819,-0.993835,-0.997131,-0.997131,-1.00238,-1.002014,-1.002075,-0.070374,-0.090759,-0.090759,-0.088318,-0.082031,-0.075256,-0.026365,-0.023968,-0.008522,-0.004527,-0.003728,-0.010386,-0.066845,-0.064182,-0.041545,-0.036219,-0.03036,-0.034887,-0.019441,-0.021039,-0.027963,-0.028762,-0.026099,-0.022104
-0.06219815625,-0.9966216718750002,-0.07421068749999998,-0.005359617187500001,-0.022470421874999993,-0.026338289062499996,0.00002412855351870079,0.000010748038726131918,0.00008634391667322831,0.00020058971763970218,0.00016177131512770665,0.00008070586811263539,-0.061157,-0.064026,-0.068237,-0.071411,-0.074829,-0.073853,-0.99054,-0.991455,-0.999573,-1.005066,-1.003296,-1.00293,-0.080261,-0.079651,-0.077515,-0.076782,-0.075256,-0.081116,-0.009055,-0.006392,-0.006924,-0.007191,-0.008256,-0.013582,-0.019707,-0.021039,-0.0253,-0.027164,-0.028496,-0.024235,0.002131,0.001065,0,-0.001598,-0.004527,-0.007457
-0.06061839843750004,-0.9966836484374997,-0.07188703906249999,-0.0033123281249999993,-0.020901671875000007,-0.027805078125000004,0.000015258270084092036,0.000010999196072281039,0.00007276589447877706,0.00017193949603321848,0.00015141860045841534,0.000030047053332431088,-0.071106,-0.068054,-0.061401,-0.061462,-0.059265,-0.062805,-0.995728,-0.99408,-0.996094,-0.999207,-1.000183,-1.000916,-0.101074,-0.099976,-0.10022,-0.086365,-0.079285,-0.072571,0.015713,0.022637,0.027697,0.029295,0.023702,0.017311,-0.040746,-0.032757,-0.022903,-0.019175,-0.010919,-0.01012,-0.028762,-0.031159,-0.030094,-0.026365,-0.022637,-0.021572
-0.0595751015625,-0.9964766640625,-0.06974410156250001,-0.008162210937500004,-0.02424517968750001,-0.025206414062499998,0.000008997135115588084,0.00001070409068153302,0.00004644842136755662,0.00015876166738035188,0.00027742866074698575,0.000032324624669721925,-0.060242,-0.057312,-0.059143,-0.055908,-0.054016,-0.054565,-0.997314,-1,-0.999573,-1.000549,-0.996826,-0.99707,-0.074646,-0.0672,-0.064941,-0.062805,-0.068726,-0.066284,0.011185,0.003728,-0.000799,-0.002397,-0.003728,0,-0.026365,-0.028496,-0.03329,-0.035953,-0.034355,-0.033822,-0.039681,-0.036752,-0.034088,-0.031692,-0.030094,-0.029561
-0.06030321874999998,-0.9964509062499998,-0.07106064843750004,-0.018783640625000004,-0.018966679687500005,-0.022276929687499992,0.000015348103258858264,0.000015166189062007983,0.00007269595037149361,0.000430991759019439,0.0004429018675580094,0.00002290902074304871,-0.058899,-0.058594,-0.058838,-0.058228,-0.057251,-0.055786,-0.994446,-0.995056,-1.002991,-1.003357,-0.999085,-0.998901,-0.081238,-0.07843,-0.068909,-0.072998,-0.070374,-0.070312,-0.006924,0.001065,-0.001065,-0.006392,-0.0253,-0.039148,-0.016245,-0.008522,-0.002929,0.003728,0.014647,0.013582,-0.027431,-0.026632,-0.031692,-0.031425,-0.032491,-0.029827
-0.06142424218749999,-0.9964432421874997,-0.07454535156250004,-0.019765695312500015,-0.020999437500000006,-0.02418274218750001,0.00002787465598025344,0.00002103378972828508,0.00015604355939511567,0.0006589162061190331,0.0005040295414448816,0.000080263821263718,-0.05835,-0.058044,-0.052185,-0.054932,-0.056274,-0.065369,-0.992554,-0.99231,-0.997131,-1.000244,-1.001953,-1.006836,-0.069092,-0.069641,-0.071899,-0.072693,-0.073547,-0.077454,0.006125,0.007191,0.005593,0.003728,-0.000266,-0.001332,-0.017843,-0.025034,-0.03036,-0.041013,-0.045274,-0.037284,-0.030094,-0.028762,-0.026365,-0.022903,-0.020506,-0.017044
-0.06132744531249998,-0.9958948750000003,-0.07869813281249997,-0.023860281250000007,-0.019305789062500002,-0.0214218046875,0.0000393306230363558,0.00001920130209448828,0.0001739768681790724,0.0005850403928021652,0.0005301198216638164,0.00012023582532375736,-0.05957,-0.061584,-0.062683,-0.059814,-0.059937,-0.06366,-0.99408,-0.993835,-0.99408,-0.994385,-0.996277,-1.003296,-0.075317,-0.083679,-0.077087,-0.072021,-0.069092,-0.068481,-0.021838,-0.005859,0.003728,0.004794,-0.000266,-0.005326,-0.018109,-0.014647,-0.018908,-0.018376,-0.020506,-0.021838,-0.018642,-0.02024,-0.020506,-0.018376,-0.019175,-0.019974
-0.06124494531249999,-0.9960379453125005,-0.08268593749999999,-0.021592406249999998,-0.013353203125000003,-0.023113312500000007,0.00006537992392611958,0.000024312064304072406,0.0001562257609094488,0.0006983044963533467,0.00038451271784817895,0.00023635995459448823,-0.066528,-0.065918,-0.065125,-0.066895,-0.064453,-0.061096,-0.996277,-1.000427,-1.004089,-1.006348,-1.005859,-1.00293,-0.063416,-0.069397,-0.080078,-0.079834,-0.078613,-0.06897,-0.017311,-0.0253,-0.025034,-0.023436,-0.0253,-0.02823,-0.056193,-0.042078,-0.030094,-0.023968,-0.008522,-0.004261,-0.015446,-0.016245,-0.014647,-0.016512,-0.017044,-0.018376
-0.06144474218750001,-0.995861515625001,-0.08576392187500005,-0.013255468749999999,-0.017133648437500013,-0.024567648437500002,0.00006539448507474161,0.000019651281889517705,0.00010217377717495076,0.0004554844781722443,0.00025520447761558795,0.00023890688232424952,-0.056519,-0.059265,-0.058044,-0.058228,-0.068176,-0.06897,-0.990845,-0.989502,-0.987854,-0.990112,-0.993103,-0.997314,-0.058044,-0.056885,-0.062439,-0.085388,-0.101807,-0.103638,-0.038616,-0.064981,-0.075101,-0.064448,-0.044741,-0.031692,-0.012783,-0.010653,-0.009055,0.003196,0,-0.002663,-0.022104,-0.019974,-0.021039,-0.022903,-0.025566,-0.027431
-0.06052970312500001,-0.9956535937500006,-0.08506634375,-0.0050100312500000015,-0.015300632812500001,-0.023662578125000003,0.00005269366417888779,0.000013410490605314893,0.00006875426306200789,0.00029026814077066915,0.00014353253160426924,0.00019576439752140728,-0.048584,-0.050964,-0.051575,-0.051086,-0.052063,-0.049194,-0.988892,-0.989197,-0.986755,-0.99054,-0.994629,-0.996582,-0.075073,-0.082336,-0.081421,-0.085144,-0.088135,-0.08783,-0.010919,-0.017843,-0.023702,-0.030094,-0.026898,-0.022104,-0.034621,-0.034621,-0.031159,-0.032757,-0.03036,-0.026365,-0.013848,-0.011718,-0.011718,-0.011718,-0.011185,-0.010386
