0.017088406249999993,-0.9735297890624995,-0.20411017187499994,0.007109398437499904,0.09776090625,-0.060193695312500003,0.009199887277424212,0.11099420774210478,0.0348549208054663,0.19921989823427305,0.1790757811592982,0.020889494542418244,0.143921,0.080505,0.04303,0.054138,0.163147,0.204651,-0.908386,-0.814758,-0.787292,-0.826355,-0.818298,-0.82843,-0.633667,-0.53302,-0.366943,-0.35791,-0.311951,-0.294495,0.247408,0.207727,0.125169,0.078031,0.052464,0.056725,0.046339,0.130229,0.136088,0.180829,0.20027,0.18722,-0.127832,-0.108124,-0.131294,-0.132093,-0.061253,0.023436
-0.017509953125000005,-0.9500341484375,-0.18514062499999998,-0.05053767187500006,-0.02188785156250004,0.0066682812500000015,0.016745222675777306,0.23466881785363913,0.02678646577174805,0.226213370470112,0.3532110913921115,0.04364003440253446,-0.044556,-0.035461,0.012695,0.028931,0.033936,0.04425,-0.865845,-0.869873,-0.861999,-0.886108,-0.934082,-0.974609,-0.125,-0.146851,-0.076233,-0.02417,0.011292,0.010742,0.268979,0.382164,0.418116,0.42797,0.419182,0.418915,-0.277235,-0.278567,-0.34914,-0.446612,-0.531034,-0.581102,0.080694,0.057791,0.053796,0.039681,0.019707,0.015713
0.011609539062499988,-0.9162459609374999,-0.20532371875000005,-0.14106224999999994,-0.15162543750000002,-0.08572466406250001,0.02291785221971499,0.4136816044135969,0.030012755630928152,0.24686555560203155,0.819110633652138,0.07573901901216185,0.033081,0.053528,0.05957,0.066589,0.072815,0.071594,-1.094971,-1.060181,-1.013611,-0.967041,-0.913147,-0.843445,-0.198608,-0.181274,-0.194824,-0.207458,-0.215759,-0.213074,-0.182427,-0.25806,-0.299872,-0.28336,-0.258327,-0.189617,-0.698547,-0.661529,-0.613326,-0.497212,-0.448743,-0.345678,-0.214118,-0.244212,-0.265517,-0.272175,-0.265251,-0.250071
0.013002859374999995,-0.9846639843749994,-0.2751136171875,-0.14688170312499993,0.24261603906249998,0.04611430468750002,0.035258296571113935,0.5859318847914957,0.05019658080386018,0.3040226563483363,1.6156503531949988,0.13413643742544187,-0.063232,-0.052124,-0.033569,-0.021057,-0.021057,-0.01825,-1.301758,-1.412903,-1.48053,-1.492004,-1.472168,-1.445312,0.164368,0.208557,0.206299,0.175781,0.108154,0.047668,0.346477,0.340086,0.265251,0.149403,0.066579,0.032224,-0.114516,-0.226635,-0.233027,-0.135821,0.016245,0.153931,-0.134223,-0.177899,-0.213586,-0.244212,-0.258327,-0.262321
-0.01614999218749999,-0.9913816718749996,-0.3215451093749999,-0.051349117187500015,-0.2145800390625,0.0007510937500000456,0.04552544010862199,0.6587648954558909,0.048208529258098175,0.2554679942685137,2.1245084995167938,0.20015294536644784,0.021973,0.009338,0.019653,0.019226,0.021057,0.018738,-1.787415,-1.683594,-1.597961,-1.543152,-1.463989,-1.336609,-0.303345,-0.254944,-0.253479,-0.28186,-0.304871,-0.275635,-0.588825,-0.54222,-0.49162,-0.426905,-0.336091,-0.234358,0.866859,0.808802,0.758468,0.717189,0.646616,0.523844,0.296144,0.356065,0.401072,0.416252,0.413855,0.411725
0.0273771484375,-1.04582740625,-0.3593978906250001,-0.025098226562499996,0.22517446874999997,-0.040577835937499966,0.047845170214584114,0.7174545633039126,0.05334693929975169,0.3018196148926492,2.655466716671733,0.2078869177687838,-0.19519,-0.03363,0.079529,0.179871,0.207153,0.182617,-1.743469,-1.799927,-1.853943,-1.920776,-1.999939,-1.999939,-0.531067,-0.630066,-0.633972,-0.567993,-0.447632,-0.408508,-0.571248,-0.662861,-0.726777,-0.765392,-0.81546,-0.852478,-2.257295,-2.217348,-2.18033,-2.245045,-2.401905,-2.508698,-0.48363,-0.436758,-0.380033,-0.323041,-0.312389,-0.370179
-0.011727773437500002,-1.0191808046875,-0.3533272890624999,-0.04109175,0.21601984374999994,0.02702064843750002,0.054750269015121505,0.6899300419961898,0.06175694098307326,0.25490580019081904,2.625956493355943,0.21440585189722192,0.374084,0.442444,0.477356,0.452271,0.319031,0.096313,-0.754211,-1.175537,-1.593201,-1.961304,-1.999939,-1.999939,-0.474426,-0.512329,-0.49469,-0.414185,-0.502197,-0.806458,-0.233559,-0.186421,-0.156328,-0.228233,-0.580835,-0.727309,1.660747,1.696966,1.69164,1.575792,1.813613,2.087386,0.293214,0.384294,0.432231,0.435161,0.421578,0.383762
0.03263239843750001,-0.9459338515624997,-0.3294205937500001,0.04744588281249997,-0.22054924999999986,-0.11674842968749995,0.05354373861102896,0.6824512263315765,0.05291996455295178,0.28997995619471834,2.058680718952804,0.20372843672363275,-0.139832,-0.186279,-0.231262,-0.22583,-0.168823,-0.144714,0.020874,-0.128052,-0.279053,-0.43689,-0.787109,-0.928711,-0.137756,-0.27124,-0.450439,-0.458374,-0.326416,-0.332458,0.246609,0.296676,0.434894,0.497479,0.379767,0.137419,-0.640224,-0.695351,-0.788828,-1.034105,-1.375256,-1.605886,0.310525,0.325172,0.307595,0.250603,0.173904,0.121706
0.005157500000000011,-0.8499513125000002,-0.29048257031249997,0.042115406249999966,0.27576201562500013,0.022528664062500037,0.045884574002204755,0.6938770632983111,0.048851794524971424,0.2553818736090304,1.8785922870280478,0.15746462189000446,0.002502,0.036377,0.087891,0.087646,0.082764,0.066711,0.298218,0.398071,0.412903,0.342346,0.211975,0.069519,-0.274658,-0.309998,-0.287354,-0.197144,-0.084656,-0.067627,0.733168,0.719054,0.696417,0.635164,0.515322,0.387756,0.079895,0.469782,0.783502,0.938764,0.96513,0.966195,-0.520115,-0.487625,-0.394414,-0.28842,-0.210123,-0.152066
-0.000892617187500013,-0.8454819218750002,-0.26552966406250006,0.07374457031250001,-0.3526628828124999,-0.11653621093749995,0.05227593787356096,0.7225713664709702,0.05153324738197287,0.24495323005949107,1.8096884957510482,0.1765203889725142,-0.219421,-0.140076,-0.123657,-0.075317,-0.017578,0.048828,-0.793884,-0.523682,-0.309875,-0.132141,0.055054,0.225647,0.007568,-0.052979,-0.138977,-0.200439,-0.203796,-0.129456,-0.036485,0.014647,0.105195,0.200003,0.276969,0.316117,0.311057,0.409062,0.528904,0.644751,0.661796,0.510262,0.200802,0.28629,0.361657,0.392017,0.377104,0.337423
0.02897884374999997,-0.8964524687500001,-0.2644448359375,0.02292189843750001,0.17995689843750004,0.007429796875000003,0.05443295189429035,0.7579992980330074,0.0455085280789256,0.36039209034032804,2.103218623812218,0.20195598498143874,0.171875,0.192017,0.188843,0.220825,0.292725,0.249878,-1.669373,-1.457092,-1.363159,-0.961548,-0.805664,-0.657043,-0.673584,-0.514771,-0.388062,-0.093323,0.034668,0.02832,0.455933,0.796285,1.014931,1.112402,1.093494,0.999751,-1.872735,-1.515339,-1.370196,-1.363805,-1.34756,-1.203749,-0.961135,-0.883637,-0.843689,-0.792024,-0.639691,-0.466053
-0.017395476562499984,-0.9985661796874999,-0.28186032812499995,-0.06554704687500001,-0.21413061718750012,-0.11537105468749999,0.06410570499604668,0.7319040088601804,0.05901262929089936,0.37457647480429695,2.7834210454835926,0.2528321428756742,-0.169006,-0.188599,-0.147278,-0.115173,-0.099731,-0.092041,-1.765015,-1.723633,-1.685547,-1.648071,-1.627502,-1.576233,-0.345947,-0.390564,-0.416931,-0.406067,-0.333618,-0.26239,-0.687362,-0.447411,-0.257794,-0.160589,-0.122772,-0.091879,1.970739,2.245045,2.495648,2.597381,2.460228,2.150769,0.028496,0.113717,0.241016,0.363788,0.458863,0.510794
0.03943634374999998,-1.0446582031249998,-0.31449220312499987,-0.07516146093749997,-0.0278778671874999,-0.07756251562500002,0.07459024284425884,0.7950071765047295,0.06058957325063559,0.4337500194777465,3.0201979809049027,0.32842281561269265,-0.69342,-0.524719,-0.143494,0.153625,0.276245,0.25769,-1.834534,-1.899536,-1.999939,-1.999939,-1.999939,-1.999939,-0.719421,-0.719788,-0.686279,-0.679504,-0.474182,-0.255432,-0.365918,-0.18216,-0.234358,-0.453004,-0.636496,-0.602141,-2.230664,-2.413889,-2.485262,-2.368083,-2.520948,-2.920156,-0.49375,-0.776844,-0.808536,-0.725179,-0.59788,-0.4815
0.008384218749999997,-1.0276441796875004,-0.31308363281249985,-0.09598819531249995,-0.04467868750000013,-0.01735007812500002,0.07141468355598328,0.7535015978289672,0.059311019540533416,0.3920397145014497,2.9484485507594296,0.3533311544091434,0.275696,0.365173,0.462463,0.403137,0.338806,0.406616,-0.785889,-1.058044,-1.42395,-1.820374,-1.999939,-1.999939,-0.309021,-0.324036,-0.369751,-0.401428,-0.420105,-0.496216,-0.350738,-0.469782,-0.447944,-0.49881,-0.725978,-1.117995,1.343032,1.408546,1.431449,1.568069,1.694836,1.815477,0.196541,0.284159,0.332096,0.303867,0.313188,0.323574
0.048411843749999996,-0.93572903125,-0.28843928125000023,0.009402210937499985,-0.26945370312499983,-0.15833324999999995,0.07358052601608563,0.7769766169052262,0.055117609926187985,0.35400486068802617,2.6792942762041316,0.45257840503338576,-0.108948,-0.19043,-0.269836,-0.249695,-0.191467,-0.183899,-0.034302,-0.251892,-0.38562,-0.529663,-0.750793,-1.029114,-0.064819,-0.113159,-0.295898,-0.453125,-0.392883,-0.263,-0.133424,-0.180829,-0.045274,0.199204,0.231695,-0.029028,-0.599744,-0.651676,-0.712928,-0.645817,-0.508664,-0.490288,-0.132093,-0.133957,-0.145675,-0.184024,-0.243147,-0.341684
0.02381086718750001,-0.8187251171874994,-0.2471609296875,0.0030792734374999846,0.2719253359375,0.04605812499999995,0.05961863305077751,0.7969487773805927,0.03659491879275879,0.3062967138838539,2.0101865074197844,0.5356665006511971,0.026489,-0.007019,-0.0047,0.01947,0.014832,0.026489,0.458557,0.568176,0.554749,0.448669,0.310852,0.17804,-0.186401,-0.229004,-0.224915,-0.159363,-0.086975,-0.076294,0.605603,0.595217,0.510262,0.314519,0.064448,-0.125169,0.374707,0.725711,0.949683,1.050084,1.042095,0.961401,-0.270045,-0.234358,-0.21545,-0.212254,-0.2277,-0.217847
0.04172135937500001,-0.7998313906249994,-0.21613504687499993,0.1050887421875,-0.27133457812500006,-0.18483792187500003,0.05313403978158636,0.7876657014187285,0.036804660804879666,0.3517160545257519,1.913666582879474,0.5889961631014586,-0.216553,-0.157593,-0.242798,-0.13092,0.013794,0.073853,-0.318909,-0.231201,-0.014954,0.227356,0.415955,0.509399,0.080383,0.064209,-0.036621,-0.059448,-0.051331,-0.079041,0.095607,0.0759,0.06578,0.043942,0.006658,-0.026632,0.201335,0.147805,0.122772,0.104662,0.006924,-0.183758,0.738761,0.661263,0.512925,0.396545,0.310258,0.236222
0.08763792968750002,-0.8374094843749998,-0.1930303671874999,0.013322023437500007,0.23816975781249997,0.004360960937500026,0.053606526185388734,0.8212305854732436,0.028237761432013727,0.5137489462788893,1.6806933551742633,0.6492076169413764,0.190979,0.284729,0.286804,0.249878,0.195984,0.27771,-1.514526,-1.412354,-1.207031,-0.961853,-0.611938,-0.660889,-0.375061,-0.258545,-0.106995,-0.012878,0.037537,-0.065735,0.570982,0.86606,1.005876,0.966727,0.847684,0.722782,-1.11187,-1.048753,-1.190966,-1.295362,-1.263137,-1.080178,-1.185107,-1.236506,-1.316933,-1.377387,-1.360609,-1.32439
0.058186546874999995,-0.9726934218749996,-0.177402984375,-0.03581328125000005,-0.17656764843750009,-0.14652586718750002,0.04942566180294267,0.769174204861096,0.029101846681259595,0.4942885667875895,1.7171015700661512,0.6253712446116433,0.031067,0.068542,0.130188,0.131714,0.130554,-0.073425,-1.949951,-1.882141,-1.695496,-1.627197,-1.515564,-1.508118,-0.272278,-0.262207,-0.247925,-0.277832,-0.305969,-0.396729,-1.146757,-0.82558,-0.415453,-0.297475,0.018376,0.120908,2.107093,2.039182,1.847169,1.803759,1.715608,1.666074,0.243413,0.392017,0.740891,0.863397,1.212537,1.312406
0.12896013281249996,-1.0331759296874994,-0.1894803437500001,-0.060690953125000044,0.06469812500000012,-0.08468849999999997,0.05393095794630508,0.7887936517150264,0.02924332548903052,0.5963097312328952,2.0453623333921405,0.5672710108075749,-0.091309,0.381165,0.341309,0.374329,0.362976,0.345215,-1.999939,-1.999939,-1.999939,-1.999939,-1.999939,-1.999939,-0.586792,-0.512939,-0.329041,-0.194336,-0.073364,0.050476,-0.012517,-0.247141,-0.598679,-0.867392,-0.94995,-0.843157,-1.307878,-1.280182,-1.396029,-1.473793,-1.621066,-1.986186,-1.465271,-1.132909,-0.841825,-0.581901,-0.425573,-0.39255
0.08600138281250001,-1.0457477421874997,-0.19467357031250007,-0.10757921875000002,-0.03885722656250015,-0.013465617187500039,0.059287409742663326,0.7593013721206332,0.02825944669997927,0.5259552150150547,2.288539694207626,0.5095258624218445,0.439697,0.553894,0.63208,0.618896,0.52478,0.452576,-0.800415,-1.130432,-1.632935,-1.999939,-1.999939,-1.999939,-0.043762,-0.169189,-0.222839,-0.120483,0.055115,-0.152344,0.37444,0.44821,0.410926,0.075367,-0.634365,-1.326254,1.091896,1.12412,1.104413,0.962466,0.813063,1.09376,0.733967,0.69908,0.544084,0.391485,0.313454,0.485761
0.13059995312499997,-0.9828128515624998,-0.1920681406249999,-0.015481687499999962,-0.11996294531249985,-0.17698167968749995,0.06011190527812375,0.7757449623868832,0.028750622400310778,0.5616602374551771,2.3468154613218957,0.4596123651521252,-0.160706,-0.251221,-0.291748,-0.316772,-0.26123,-0.171204,-0.248718,-0.479309,-0.697815,-0.894836,-0.999939,-1.108154,-0.297791,-0.278992,-0.225159,-0.13269,-0.160828,-0.176575,0.585096,0.819455,0.980842,0.960869,0.783236,0.560329,-0.406132,-0.569916,-0.702276,-0.796019,-0.854342,-0.942226,-0.373642,-0.545149,-0.793089,-1.062868,-1.201086,-1.177916
0.08974120312500002,-0.8617777578124998,-0.19671870312499987,0.02065407812500002,0.2935386015624998,0.08076657031250004,0.06373648222551749,0.7874894183380273,0.027547920513422985,0.5460420733761825,2.12197049031421,0.4168096755768139,-0.125977,-0.05011,0.031067,0.117432,0.182556,0.254089,0.426392,0.535034,0.508423,0.421997,0.306335,0.158875,-0.419495,-0.394531,-0.275208,-0.119995,-0.034058,-0.100586,0.850347,0.964331,0.894023,0.494283,0.317449,-0.123304,-0.076965,0.494283,0.970989,1.249555,1.257278,1.294829,-0.456199,-0.366717,-0.248473,-0.046605,0.029827,0.265251
0.10029503906250002,-0.8199877656249999,-0.1701597812500001,0.0563341953125,-0.2541072031249998,-0.14354861718750006,0.052264863046463036,0.783163506097661,0.026458372683841543,0.42711624450396946,2.1935838091348083,0.41814405929822235,-0.118103,-0.097046,-0.066956,-0.012512,0.007446,-0.003479,-0.165771,-0.059082,0.127136,0.267334,0.466614,0.477417,0.135803,0.104248,0.041382,-0.032959,-0.177979,-0.2005,-0.612261,-0.624511,-0.487625,-0.231162,0.071106,0.268979,0.153931,0.121973,0.081226,-0.017577,-0.194943,-0.376837,0.763795,0.649811,0.531301,0.388289,0.215183,0.067378
0.1251888125,-0.8394489296875,-0.15247628125,-0.03838071874999998,0.3454411249999999,0.07889193750000004,0.05826928905834253,0.7910909042829795,0.019981501296219496,0.47166698296473913,2.004730132226457,0.4600580174464842,0.361633,0.348694,0.323059,0.300842,0.264709,0.254089,-1.243896,-1.075684,-0.850952,-0.6203,-0.399231,-0.179626,-0.19104,-0.104614,-0.006592,0.06897,0.075012,0.048401,0.800813,0.907339,0.910268,0.816525,0.677508,0.563525,-1.05834,-0.98537,-0.970989,-0.890827,-0.745685,-0.626642,-1.04609,-0.924117,-0.856473,-0.814395,-0.764594,-0.674579
0.0965924140625,-0.9358654140624997,-0.1396045468749999,0.0633562109375,-0.2720211171875,-0.06924638281249997,0.0652306605661973,0.6998061725390948,0.02223923098105291,0.42035697762671886,2.732777107096828,0.5030943625109151,0.035889,0.132507,0.202942,0.171936,0.078186,-0.001648,-1.533813,-1.492676,-1.460571,-1.478149,-1.453308,-1.334839,-0.20697,-0.22644,-0.240906,-0.223816,-0.138794,-0.061584,-0.411458,-0.152333,0.026632,0.115049,0.107325,0.046339,2.221076,2.105495,1.975,1.80589,1.607484,1.373126,0.290551,0.537426,0.809335,0.967793,1.019724,1.065264
0.17983053906250004,-0.9941335078124994,-0.13880539843750006,-0.09567613281250001,0.006543476562500178,-0.03415925000000001,0.06462230147519532,0.7143604912770558,0.0216409084148715,0.5324422286065099,3.1844635437338114,0.459590574423496,0.170166,0.247375,0.298462,0.298462,0.233887,0.116516,-1.999939,-1.985535,-1.9375,-1.9375,-1.707337,-1.651001,-0.142761,-0.006409,0.027039,0.027039,-0.052429,-0.097961,-1.037301,-1.112935,-1.112935,-0.654605,-0.378702,-0.135555,-2.156894,-2.113751,-2.113751,-2.52947,-2.862632,-3.041064,-0.196541,-0.15979,-0.15979,-0.148072,-0.305997,-0.694819
0.11989065625000002,-1.0109110078124999,-0.15144397656249997,-0.09085124218749997,-0.016089234375000053,0.023693757812499945,0.08262526449885728,0.6728412776291417,0.021551625128070316,0.5907579977424526,3.135260823713472,0.41530621292950776,0.486877,0.55127,0.617004,0.666443,0.491089,0.230469,-1.516113,-1.969788,-1.999939,-1.999939,-1.999939,-1.999939,-0.277405,-0.137329,0.025635,-0.105469,-0.464844,-0.286621,0.386158,0.128364,-0.392816,-0.938764,-1.262605,-1.477522,1.917476,1.945706,1.724397,1.695901,1.91428,1.989914,0.430899,0.275903,0.332629,0.577107,0.720119,0.729174
0.17250389843749997,-0.9561205078125001,-0.14874889062499994,0.009404296875000011,-0.24086837500000013,-0.1611587187500001,0.07819887871541477,0.6474403629883622,0.02314765642912182,0.5457929413435333,2.754952536001576,0.3330034454275579,-0.212646,-0.259094,-0.298157,-0.24823,-0.214844,-0.224487,-0.515442,-0.788391,-1.038879,-1.196411,-1.380005,-1.817017,-0.364441,-0.239075,-0.123718,-0.080139,-0.092957,-0.024719,1.298824,1.596831,1.680987,1.549161,1.291633,1.140099,-0.911866,-1.175253,-1.345429,-1.394431,-1.464206,-1.610147,-0.484429,-0.681503,-0.861799,-0.86606,-0.728907,-0.646616
0.11974329687500002,-0.8719630312499997,-0.1659212187500001,-0.10582527343749981,0.3635880859375001,0.04343031249999994,0.06601590538175373,0.6663561543378415,0.020761736757384838,0.5020419499462161,1.9053919332195917,0.3054089718523426,0.015015,0.012146,0.021912,0.080322,0.176331,0.267639,0.453308,0.463745,0.374634,0.217773,0.043335,-0.126404,-0.231262,-0.204651,-0.163269,-0.121033,-0.173096,-0.354797,-0.033556,-0.02317,-0.023702,-0.040214,-0.019175,0.146474,0.260457,0.538758,0.723581,0.837564,1.000283,1.211472,-0.014115,0.124103,0.214384,0.282828,0.341151,0.37737
0.09640258593750001,-0.8652267265625003,-0.15846203125,0.057045742187500005,-0.2756101328125001,-0.14534410937500006,0.05468634642232326,0.6742287820238699,0.020551529816628934,0.35893512274416123,1.8165367594692503,0.27384414626827147,-0.167114,-0.172974,-0.179443,-0.19342,-0.164795,-0.096008,-0.227234,0.019531,0.097656,0.264709,0.323608,0.341431,0.041443,0.033936,-0.006287,-0.173889,-0.269043,-0.337036,-0.6333,-0.572846,-0.392816,-0.079629,0.438623,0.639958,0.964064,0.805873,0.615457,0.38243,0.013582,-0.077232,0.735032,0.64342,0.552073,0.453004,0.283893,0.182693
0.14833399999999997,-0.9474591796875002,-0.13335277343750002,-0.007388164062499997,0.18055193749999998,0.01891884374999998,0.04889155133107088,0.6369205653501959,0.022912535270003375,0.32480038178827975,1.5057995817639171,0.2717619988851251,0.412231,0.439514,0.44342,0.393555,0.292053,0.234131,-1.577698,-1.435425,-1.239502,-1.023315,-0.825073,-0.654236,-0.150513,-0.216309,-0.173157,-0.070007,0.017273,0.046448,-0.271376,-0.234624,-0.111054,0.023968,0.160322,0.312389,-1.304683,-0.896953,-0.653806,-0.556601,-0.560595,-0.613326,-1.149154,-0.931041,-0.71133,-0.566454,-0.501473,-0.456199
0.11503979687500002,-1.0244349999999995,-0.14246561718749998,0.018009624999999984,0.015386023437499992,-0.010163703125000003,0.0407042926273285,0.6010820492863781,0.02570089984631687,0.2969590580189135,1.3054236258534408,0.2519685451333915,0.109375,0.082458,0.080566,0.050293,0.067932,0.163391,-1.856506,-1.745422,-1.631958,-1.599548,-1.48175,-1.370178,-0.190857,-0.253296,-0.239441,-0.138733,-0.122314,-0.194458,-1.35262,-1.02292,-0.737429,-0.532366,-0.337955,-0.147805,2.254632,2.32494,2.253301,2.051433,1.86155,1.701227,0.172573,0.032491,0.034887,0.098803,0.338221,0.653007
0.22037596875000007,-1.0308556249999994,-0.12155678906249998,-0.0783531171875,0.3084752109374999,0.010923140624999975,0.05115713187499112,0.6295266299954011,0.024541746710671684,0.3687660577202617,1.7639506233530977,0.23047477838249975,-0.043579,0.068542,0.126587,0.126587,0.272888,0.52832,-1.999939,-1.999939,-1.999939,-1.999939,-1.999939,-1.837585,-0.21875,-0.317627,-0.415588,-0.415588,-0.328003,-0.109619,-0.083357,-0.271642,-0.271642,-0.271642,-0.923318,-0.752343,-2.047172,-2.360626,-2.360626,-2.360626,-2.271943,-2.270878,-0.20027,-0.051399,-0.051399,-0.051399,0.064981,-0.034355
0.20954605468749998,-0.9920010624999995,-0.12779764843749997,-0.19219282812499996,0.7891716328125,0.1811178750000001,0.06686532541184735,0.5949761058397754,0.026324541207158908,0.3810013492859229,0.9446078735242028,0.22825183211996847,0.448364,0.449402,0.470337,0.617859,0.747681,0.63562,-0.438538,-0.899841,-1.230347,-1.67041,-1.999939,-1.999939,-0.246277,-0.242737,-0.198608,-0.075684,0.171631,0.142273,0.202134,0.338754,0.39255,0.368582,0.032491,-0.186421,1.02798,1.26873,1.345695,1.459412,1.042894,0.714526,0.566987,0.508397,0.40986,0.042078,-0.039148,0.024767
0.22165675781249994,-0.8781128046874992,-0.1252532421875,-0.10751892187500003,0.6554351562500002,0.03496027343749997,0.06687378692626374,0.6163989488993711,0.02466399835319285,0.3564475987603559,0.9255461387410936,0.23567198916506643,0.011108,-0.00293,-0.093323,-0.153748,-0.118286,0.013611,0.403259,0.223755,0.009705,-0.207214,-0.424744,-0.613953,-0.307617,-0.278442,-0.351929,-0.498718,-0.598511,-0.481018,0.575509,0.456732,0.37737,0.39974,0.566987,0.71426,-0.415986,-0.221042,-0.023436,0.041013,0.200536,0.354999,0.558199,0.527839,0.404801,0.320112,0.119576,-0.098004
0.22776839843749988,-0.8617553828124999,-0.12677242187499993,-0.24057501562499997,1.0759483125000002,0.2059414374999999,0.07870311836320219,0.6686810081483323,0.022702508774025354,0.3561251265168026,0.6861808605641696,0.21178922998900399,0.189392,0.159546,0.135803,0.101196,0.07843,0.08667,-0.440979,-0.308533,-0.171448,-0.021606,0.117859,0.223206,0.003845,-0.017883,-0.05072,-0.110291,-0.172913,-0.198242,0.261256,0.299606,0.344613,0.397876,0.449009,0.460727,0.483097,0.458596,0.420247,0.454602,0.607467,0.724114,-0.340618,-0.346744,-0.355266,-0.315585,-0.23569,-0.174703
0.1863756171875,-0.9484219687500001,-0.14511969531249996,-0.03290046093749996,0.5461435781249999,0.04846539062499995,0.06337061473949793,0.6185050351528649,0.025337786887709587,0.29646480308050244,0.7431065166960572,0.2431842909624445,0.108093,0.117249,0.121948,0.087463,0.064575,0.047119,-1.301514,-1.210999,-1.094543,-0.939209,-0.766785,-0.590088,-0.069214,-0.040527,-0.031006,0.01593,0.040527,0.014099,-0.553937,-0.526773,-0.522246,-0.53716,-0.546747,-0.525708,1.682053,1.656486,1.60269,1.48631,1.333179,1.194428,0.823716,0.677508,0.547013,0.45327,0.419182,0.427171
0.22772789062499993,-0.9977950937499996,-0.14228440624999997,-0.004458726562500018,0.6104901328125002,0.0481075078125,0.05666414690168875,0.6631180682087467,0.02489640061140848,0.32503783347363335,0.8225055947015961,0.21848442300889756,0.449402,0.34198,0.290771,0.266052,0.243286,0.195679,-1.691101,-1.666687,-1.725708,-1.770569,-1.784424,-1.744873,0.114624,0.07373,0.058655,0.059753,0.027771,-0.010498,-0.375506,-0.07883,0.113717,0.186421,0.165915,0.13955,0.138218,0.068443,0.118511,0.172307,0.198938,0.247408,-0.172573,-0.119842,-0.134756,-0.180562,-0.267381,-0.345945
0.2118887656249999,-1.0260853828124996,-0.16680717968750003,-0.007263312500000025,0.6053302421874998,0.0691256796875,0.06427753965573987,0.6809021449379232,0.03147940438803832,0.40777631888632665,0.9732425521231454,0.21530799042173127,0.829407,0.709778,0.477966,0.371399,0.295349,0.28949,-1.480469,-1.49231,-1.761963,-1.999939,-1.999939,-1.999939,-0.000061,-0.202271,-0.458862,-0.482361,-0.442444,-0.362915,-0.805074,-1.075651,-1.267132,-1.360875,-1.304949,-1.175786,1.366202,1.560612,1.934254,2.220278,2.395247,2.506567,0.239418,0.569384,0.742223,0.703607,0.459395,0.223173
0.24703546093749998,-0.9455046796874996,-0.144477359375,-0.00674732812500004,0.547612453125,-0.020425210937499976,0.07379611143447092,0.6510528219930223,0.03447021098609033,0.421255267333844,0.8630364810325963,0.22730605221319145,-0.071533,0.014648,0.089661,0.193237,0.224854,0.263977,-0.773438,-0.862244,-0.819397,-0.848328,-0.875488,-1.198486,-0.310486,-0.095581,0.007202,-0.016663,-0.074036,-0.248962,0.965396,0.75474,0.44315,0.307062,0.173638,0.280165,0.608,0.354999,0.033556,-0.137952,-0.477505,-0.64049,-0.385359,-0.573112,-0.645817,-0.628506,-0.407996,-0.302801
0.221334890625,-0.8439836718749995,-0.15083262500000003,-0.25247595312499993,1.0243848984374997,0.20448915625,0.08400352844594068,0.6835101885899385,0.03603420057538581,0.39009398590500577,0.6829842541349421,0.21135718706488876,-0.067627,-0.061646,-0.031799,0.027161,0.121277,0.219238,0.528442,0.494568,0.382751,0.23114,0.094543,-0.031494,-0.15802,-0.140564,-0.10553,-0.083496,-0.161438,-0.30249,0.716657,0.525974,0.337156,0.1518,-0.000799,-0.029028,0.302535,0.481233,0.553671,0.56246,0.632767,0.735299,-0.131294,-0.023968,0.033023,0.075101,0.140615,0.223706
0.22515768750000006,-0.8325386328124995,-0.15835710937500003,-0.178567015625,0.7756435781249997,0.04989889843750002,0.0833184406655709,0.7193246735765807,0.03939590870340525,0.47634601153963746,0.7423972325769864,0.2285956320425801,0.112854,0.133728,0.159668,0.143066,0.102966,0.024475,-0.464417,-0.36792,-0.092285,0.058411,0.205261,0.323914,0.010559,-0.015198,-0.018188,-0.053345,-0.133362,-0.212341,-0.335558,-0.299872,-0.189084,-0.037817,0.251935,0.346477,0.909203,0.922253,0.927313,0.860734,0.679106,0.620517,0.43303,0.422644,0.413855,0.396278,0.332096,0.304932
0.2432646562500001,-0.8564873046875,-0.19660471875,-0.3106140468749999,0.9517430546874999,0.17293277343750008,0.09481750206055801,0.7316828781882133,0.047321754323825786,0.49106219740664336,0.5930630372476587,0.2392249202102237,0.397217,0.391541,0.352295,0.270874,0.195679,0.17218,-1.440857,-1.345947,-1.238098,-1.067749,-0.905701,-0.682495,-0.056335,-0.048889,0.065125,0.13147,0.118286,0.044067,0.205063,0.199471,0.170975,0.149137,0.16192,0.190949,0.301204,0.551541,0.629039,0.621848,0.612261,0.615457,-0.737429,-0.66073,-0.566987,-0.518784,-0.492685,-0.465521
0.1839337265625,-0.9215674531249995,-0.2512488203125,-0.124174015625,0.5297256640625001,0.052096023437500076,0.08071519822660968,0.7675567070577936,0.05121692387358163,0.6538655556557161,0.973535141732571,0.31695569237951926,0.432617,0.425171,0.52417,0.461853,0.325867,0.198181,-1.999939,-1.978699,-1.775452,-1.631165,-1.518066,-1.433472,-0.064697,-0.025696,-0.055725,-0.077454,-0.09967,-0.146484,-1.10175,-1.032774,-0.975782,-0.971255,-0.981109,-0.954211,2.748382,2.478338,2.23386,2.063151,1.982723,1.981658,0.068177,0.152599,0.419981,0.728375,0.958472,1.052481
0.20054959375000003,-0.9340396015624997,-0.2882847500000001,-0.04882321875000004,0.504567109375,0.04988434375000004,0.10913538729093608,0.8043129183450602,0.07487400695453546,0.7075290249339832,1.1251022135413424,0.38407837321499916,0.719849,0.747375,0.561157,0.606689,0.740356,0.714661,-1.999939,-1.999939,-1.999939,-1.999939,-1.999939,-1.999939,-0.582336,-0.702026,-0.514465,-0.30188,-0.269104,-0.127441,-0.894289,-0.884968,-0.951281,-1.10681,-1.157676,-1.006941,0.159523,0.266582,0.074569,0.109722,0.354467,0.222374,0.066845,0.028496,-0.172573,-0.300138,-0.262055,-0.216515
0.13000297656249993,-0.9118928984374998,-0.3329172109374998,-0.08108074218750003,0.10047817187500008,0.013917117187499967,0.12510543813945615,0.7968103415443915,0.09973290881936461,0.7082055891795787,2.3060821923521435,0.543828121901175,0.504883,0.678772,0.596558,0.552673,0.638611,0.647583,-0.418884,-0.971069,-1.280029,-1.447693,-1.529114,-1.586853,-0.274658,-0.253662,-0.138733,0.023193,-0.006226,-0.193054,-1.029045,-0.89642,-0.75181,-0.75474,-0.9622,-1.241566,1.303884,1.180313,1.027181,0.882572,0.285225,0.181095,0.629039,0.748082,0.653273,0.581634,0.668187,0.945422
0.13887596093749993,-0.8541145312499996,-0.34820360937500006,0.005769492187500012,0.14332178906249984,-0.026872929687500033,0.11715181170307715,0.8512752358640303,0.12095985931545251,0.7504086839899841,2.8200190012469237,0.6068602601118138,-0.205688,-0.279968,-0.190552,-0.116821,-0.166016,-0.101013,-0.163269,-0.169617,-0.285339,-0.503479,-0.715027,-0.867981,-0.019897,-0.243042,-0.384338,-0.273254,-0.24884,-0.418396,-0.231961,-0.139283,0.0253,0.013316,-0.145142,-0.229032,-0.045274,-0.217847,-0.409594,-0.688693,-0.868457,-0.794687,-0.029295,0.054328,0.184823,0.259126,0.26605,0.098004
0.06874133593750005,-0.7972636249999997,-0.3299750859374999,-0.09619213281249993,0.09286524218749986,0.12293612500000001,0.13285090839957917,0.8951985177406779,0.1319454904065516,0.6176840645182418,3.540822311136609,0.5700877897810077,0.096313,0.11145,0.09198,0.081238,0.076843,0.078064,0.407654,0.225525,0.034668,-0.091553,-0.133057,-0.114868,-0.236084,-0.183044,-0.066101,0.032227,0.084167,-0.081238,0.042078,-0.049268,-0.06871,-0.061253,-0.117978,-0.231429,0.215183,0.101733,-0.034621,-0.153132,-0.184823,0.056193,-0.221575,-0.218912,-0.25087,-0.291616,-0.3036,-0.260457
0.11297084374999998,-0.7410130781249996,-0.31481121875,-0.00376374999999992,-0.18956089843750004,-0.07568161718750001,0.1282506175167156,0.9258318278550182,0.1232370007362194,0.7911052733035749,3.4210183363835722,0.60925584183249,-0.108093,0.043091,0.096497,0.00116,-0.007141,-0.054443,0.713501,0.697693,0.56366,0.375244,0.217651,0.063477,-0.114441,-0.179993,-0.316956,-0.315552,-0.242615,-0.116455,0.282029,0.127299,0.102532,0.148871,0.223439,0.24794,0.443683,0.275637,0.236489,0.103331,-0.068177,-0.210656,0.095874,0.113451,0.168045,0.215716,0.20533,0.167247
0.042394179687499985,-0.6850376640624999,-0.2848047890624999,-0.08956539843749999,0.08210650781249981,0.09258439843749998,0.14565396112769194,0.8640206763325085,0.10870572150618353,0.8496025418044622,4.050653224629558,0.4657357432196273,0.194214,0.147217,0.002625,0.001892,0.037537,0.119873,-0.077209,0.413452,0.527466,0.558899,0.51947,0.472473,-0.097351,-0.265869,-0.317993,-0.251648,-0.205383,-0.171753,1.537976,1.418932,1.263936,1.025583,0.687362,0.289219,-1.236506,-0.82052,-0.448743,-0.190682,0.03835,0.250337,-0.761664,-0.510528,-0.339553,-0.274039,-0.29348,-0.354999
0.04907560156250001,-0.6617775624999996,-0.30116935937500006,-0.08308433593750007,-0.34776721875000005,-0.14834427343750003,0.147108321344525,0.833302859218248,0.12494090618684628,1.0917524746761147,4.449455633171591,0.6636362093091291,-0.423035,-0.429016,-0.414368,-0.311096,-0.036682,-0.133911,-0.792419,-0.715027,-0.345093,-0.016357,0.526306,0.658569,-0.043701,-0.034851,-0.023315,0.093018,0.144531,0.154724,0.441552,0.543285,0.707868,0.837032,0.863929,0.720651,1.92733,1.550759,1.305215,1.023986,0.7092,0.344879,0.859136,0.632767,0.505202,0.521713,0.695618,0.598679
0.052811117187499916,-0.6482535234375,-0.3320999062499999,-0.04895013281250005,0.18961085937500013,-0.010020093749999985,0.16986060428690747,0.8401011526488026,0.17158278915200686,1.4232341784164464,5.029401846865331,0.8810765590960703,0.422058,0.519531,0.537292,0.517639,0.526184,0.41156,-1.192383,-1.018433,-0.849609,-0.667664,-0.426758,-0.200928,-0.643066,-0.286499,0.028748,0.155579,0.176453,0.104187,1.594435,1.853827,1.80589,1.592837,1.378452,1.229315,-1.948102,-1.963815,-1.989648,-1.8991,-1.714543,-1.470598,-1.029578,-1.067928,-1.142762,-1.230913,-1.324124,-1.34756
-0.004463687499999996,-0.68193203125,-0.3509874140625,0.04259392187499993,-0.33519003124999985,-0.16020572656249996,0.15267843075884646,0.8641057551207862,0.18015374430118947,1.3623056901825445,5.809169206219919,1.0324330512408775,0.014465,-0.029846,-0.086365,-0.166931,-0.292603,-0.444824,-1.999939,-1.848206,-1.495422,-1.24884,-1.053955,-0.90564,-0.430664,-0.363281,-0.349121,-0.326111,-0.446899,-0.51239,-0.947819,-0.568319,-0.223972,0.051932,0.33183,0.570449,3.104181,3.157177,2.996855,2.731604,2.484463,2.304966,0.231429,0.343548,0.537426,0.725445,0.873517,0.935036
0.07997749218749997,-0.7033486796874995,-0.37723347656250006,0.020766398437500028,0.18255970312500003,0.014628687499999923,0.1482384930580787,0.941670804959433,0.18348438437727516,1.4879679389644627,5.193272598269708,1.3173299264957596,-0.108398,0.026123,0.119751,0.20282,0.293762,0.368652,-1.999939,-1.999939,-1.999939,-1.999939,-1.890198,-1.738159,-1.361938,-1.182495,-0.871277,-0.751587,-0.778137,-0.783691,-1.604555,-1.540639,-1.41334,-1.100418,-0.650877,-0.173638,-4.047206,-3.557184,-3.225887,-3.126817,-2.966495,-2.620018,-1.830657,-1.857821,-1.860484,-1.812281,-1.741441,-1.663677
0.009757031250000011,-0.7842407734374994,-0.34790228906249987,0.14127239062499997,-0.15493774218749992,-0.04954729687500005,0.1256800533334006,0.9740604788292472,0.15603682806449054,1.3690494812319254,4.934834228139281,1.269323000994021,-0.002686,-0.388184,-0.696472,-0.585571,-0.317078,-0.074158,-1.999939,-1.999939,-1.999939,-1.999939,-1.999939,-1.999939,-1.448608,-1.878723,-1.341736,-0.723145,-0.599304,-0.644348,-1.49643,-1.221326,-1.175253,-1.114267,-0.793622,-0.018376,3.441869,3.925499,3.980893,3.64933,3.496997,3.401123,2.505236,2.115083,1.433047,0.931574,0.713727,0.913997
0.09347485156249996,-0.8324175390624999,-0.3204131171875,0.05237692968749999,-0.1899083593749998,-0.09452350781249998,0.1213440966900802,0.9296855228970371,0.11167353138906495,1.3870862461734823,4.056393326230703,1.137591171851953,-0.596252,-0.602356,-0.583618,-0.361938,-0.028625,0.208313,-1.495789,-1.999939,-1.999939,-1.999939,-1.999939,-1.999939,-0.886047,-1.411743,-1.148926,-0.931702,-0.761841,-0.570068,-0.084156,0.011718,-0.03036,-0.135289,-0.175502,-0.422377,-3.689543,-3.222425,-2.509763,-2.46369,-3.032808,-3.431217,-0.100934,-0.429834,-1.006409,-1.715342,-2.233327,-2.345712
0.051765890624999956,-0.8708687265624996,-0.28969049218749987,-0.11065017187500001,-0.021858703124999983,0.014720203124999843,0.10927528650940523,0.9202658292470657,0.0931436531136062,1.230604418058112,3.2364303861444457,0.9640587547402102,0.322632,0.725037,0.911621,0.797607,0.763489,0.47113,-0.37262,-0.532471,-0.924561,-1.544983,-1.999939,-1.999939,-0.238403,-0.280579,-0.4552,-0.637939,-0.578613,-0.263489,-1.557949,-1.896703,-1.996039,-1.839978,-1.748898,-1.798965,1.621066,2.384062,2.955576,3.004046,2.82082,2.518818,0.733168,1.343032,1.746501,1.927862,1.995773,1.980859
0.09508702343749999,-0.8670659453124998,-0.2754426171874999,-0.11685657031250002,-0.2476032109374999,-0.16815780468749986,0.09784876502181833,0.9453441898085716,0.08088198087782869,1.246211496936373,2.711089831005175,0.780846766928442,-0.409973,-0.434937,-0.283386,-0.088074,-0.157288,-0.204712,-0.485535,-0.549194,-0.639954,-0.808167,-1.117004,-1.417114,0.166016,-0.205933,-0.515625,-0.627991,-0.564331,-0.684326,-0.466586,-0.460993,-0.334493,-0.20533,-0.382963,-0.428236,-0.257261,-1.145958,-1.345962,-1.324124,-1.394964,-1.578189,-0.296144,-0.410127,-0.447145,-0.54728,-0.620783,-0.700944
0.05769440624999996,-0.8075370937499996,-0.2770028359375001,-0.2184749375,0.05914924218750001,0.04975122656249992,0.11102965923688879,0.9533398374080694,0.07817790537503591,0.9408367057563584,2.2980402627898378,0.7067894083514367,0.160339,0.201599,0.214172,0.234802,0.218872,0.212891,0.259521,0.197205,0.090576,-0.042725,-0.163574,-0.300659,-0.273193,-0.151062,-0.035828,0.092224,0.155212,-0.041748,0.727043,0.800546,0.724114,0.532899,0.224771,-0.095075,0.229298,0.166714,0.143811,0.196808,0.365386,0.679905,-0.263919,-0.261256,-0.211455,-0.11425,-0.026365,0.007989
0.09496451562500001,-0.7404384765624998,-0.27854252343749997,-0.15399315624999996,-0.20808857812500006,-0.11148031249999994,0.109127919921921,0.9845092443698423,0.07009489445667667,1.3476349441532351,2.3857439324324194,0.8119081180940433,-0.174866,-0.16626,-0.127319,-0.151978,-0.047913,0.01178,0.707764,0.48175,0.31488,0.145081,0.015503,-0.141357,-0.1698,-0.290405,-0.370361,-0.379944,-0.374329,-0.284485,-0.092412,-0.264452,-0.329966,-0.313987,-0.22051,-0.102265,0.42291,0.351005,0.294013,0.331031,0.454868,0.496946,0.560329,0.421578,0.222374,-0.007191,-0.153398,-0.225037
0.058515085937499996,-0.6814604062499999,-0.3026437734374999,-0.1132800546875,0.13430446093749981,0.06260719531249996,0.1341235410872288,0.9498459818061017,0.09386350912299549,1.4425642375042094,2.431200377033337,0.7938062599661578,0.086243,0.035095,0.013428,-0.052795,-0.062195,-0.026245,0.115845,0.443176,0.728882,0.862366,0.908691,0.845032,-0.086426,-0.139648,-0.160889,-0.084412,-0.116699,-0.236328,1.463673,1.308411,1.150752,0.884436,0.548079,0.150735,-1.026649,-0.758202,-0.561927,-0.482565,-0.276702,0.161654,-1.165133,-0.959803,-0.718521,-0.52917,-0.376305,-0.255397
0.07726096874999998,-0.6665706796874998,-0.3017664062499999,0.07478905468750002,-0.15985210937499988,-0.10671572656250003,0.13517598370379433,0.8915398249987703,0.0901652658234872,1.5170866614403196,2.744986974528965,0.9124586666145469,-0.127808,-0.272583,-0.385498,-0.456238,-0.391296,-0.237854,-0.732361,-0.367432,0.018982,0.378052,0.748108,0.885681,-0.519531,-0.478455,-0.10553,0.026245,-0.032837,0.010925,0.371777,0.916127,1.271127,1.399758,1.290568,0.861266,1.467934,1.638377,1.438906,0.951814,0.616255,0.483896,1.494033,1.426123,1.297492,1.065264,0.792557,0.578971
0.09642315625,-0.6715674687499996,-0.29383230468749993,0.05197741406250002,0.18773413281249987,0.032954585937499954,0.1313330553492825,0.8490166430646758,0.0962986603287332,1.6157076588946078,2.648209677111487,0.895459084807772,0.368958,0.503967,0.517883,0.399353,0.301086,0.202698,-1.427002,-1.359802,-1.322083,-1.197937,-0.980896,-0.681396,-0.43042,-0.291565,-0.204285,-0.191833,-0.187622,-0.151611,1.696966,1.762214,1.947836,2.265018,2.541987,2.600044,-2.631469,-2.148638,-1.699363,-1.493501,-1.41547,-1.346761,-1.517735,-1.532916,-1.500691,-1.44077,-1.357946,-1.309743
0.0753016484375,-0.6942606171874997,-0.28508806250000013,0.14053792968749998,-0.003603593750000054,-0.13498060937500003,0.10556999340456048,0.8333252944324742,0.09521693469941342,1.043655689772413,2.7054695980161325,0.8165703109954996,0.314331,0.434204,0.360779,0.167847,0.024719,-0.134583,-1.999939,-1.983521,-1.803894,-1.691406,-1.43988,-1.113525,-0.880859,-0.956299,-0.78064,-0.608704,-0.467957,-0.298035,-0.436758,0.329699,0.805606,0.933971,0.828243,0.730505,2.359827,2.404302,2.282329,2.243447,2.27141,2.186722,0.869788,1.068727,1.09669,0.968858,0.892692,0.915062
0.18377065624999994,-0.739251140625,-0.26607322656250015,0.00995562500000001,0.34424894531250005,-0.053327695312500034,0.13049369740099903,0.8482752796213655,0.07411897482778293,1.1190134372487874,2.707225002627453,0.7898810089150323,0.625549,0.619446,0.457458,0.267822,0.102966,0.193054,-1.999939,-1.999939,-1.999939,-1.999939,-1.995911,-1.69696,-0.843018,-0.638855,-0.374207,-0.293213,-0.38031,-0.598633,-0.786698,-1.010936,-0.909203,-0.255663,0.464189,1.107875,-3.071424,-2.757171,-2.291916,-2.280465,-2.184591,-1.941445,-1.512942,-1.32945,-0.867658,-0.743555,-0.843689,-1.034904
0.13732675000000003,-0.8128223593749995,-0.22459218749999998,-0.06184153124999996,0.6629981015625003,0.2633928984375001,0.14330064522751187,0.8024114491220754,0.08611117162177559,0.771162279148078,1.9902058245812098,0.6762946085847218,0.526001,0.169312,-0.167358,-0.161377,0.044983,0.168457,-1.999939,-1.999939,-1.999939,-1.999939,-1.999939,-1.933044,-1.192383,-1.100647,-0.441711,-0.295776,-0.588013,-0.626465,-1.699896,-1.735049,-1.766208,-1.562477,-1.059672,-0.447411,1.186172,1.902562,2.165949,2.137986,2.178466,2.326804,1.328118,1.515871,1.247691,0.867924,0.578705,0.464988
0.12807225,-0.6464243203124995,-0.14960574218749997,-0.16906077343749998,0.09083249218749997,-0.03487282812500001,0.38967932456307103,0.8032385655715738,0.12082131108063382,0.3011036713166017,3.0213651276387212,0.364961597099608,0.407898,0.407898,0.407898,0.407898,0.288879,0.340088,-0.702148,-0.702148,-0.702148,-0.702148,0.28009,0.346252,-0.26123,-0.26123,-0.26123,-0.26123,-0.193054,-0.266602,0.211189,0.211189,0.211189,0.628772,0.709466,0.709466,-3.082343,-3.082343,-3.082343,-1.946771,-1.783785,-1.783785,-0.618919,-0.618919,-0.618919,-0.830906,-0.842624,-0.842624
-0.014910718749999989,-0.6370496718749998,-0.14140366406249996,-0.04472031249999999,-0.23326589843750026,-0.03840360156249999,0.3136303094168181,0.8189244037848213,0.17517352581631923,0.33972730148555513,2.6543697580961094,0.37644935359120213,0.218445,0.283325,0.270752,0.141113,-0.038696,-0.247681,-1.082275,-1.068848,-1.062378,-1.053406,-0.975403,-0.74408,0.189392,-0.192383,-0.360657,-0.247131,-0.030151,0.064941,0.153132,0.381631,0.614391,0.727043,0.670318,0.532632,1.233843,1.057808,0.894556,0.656736,0.428236,0.335825,0.77205,0.954743,1.039432,0.945955,0.674046,0.295345
0.007908804687499984,-0.6665248593750001,-0.12970066406249997,-0.057345359375,0.071874125,-0.04392134375000001,0.3236526308684103,0.8181079341602161,0.18109059393039806,0.3659139883595706,2.8341992386151658,0.3519757275578021,-0.11731,0.079468,0.217041,0.295105,0.366821,0.402588,-1.574951,-1.274536,-1.088562,-0.959778,-0.849365,-0.72821,0.21344,0.016113,-0.214783,-0.347046,-0.330078,-0.178406,0.525708,0.439155,0.315585,0.18722,0.088683,-0.027697,-2.942793,-2.960104,-2.893791,-2.565423,-2.268214,-2.012285,-0.347543,-0.29135,-0.3289,-0.506001,-0.671117,-0.83277
-0.04085255468749998,-0.7189669531250003,-0.1279296875,-0.01267289062500001,-0.1305947890625,-0.06631686718749998,0.3019950869413829,0.8796449775517139,0.18759067116777567,0.4092289992017044,2.7417236542553796,0.38188623839520297,-0.980835,-0.909424,-0.600342,-0.210327,0.134705,0.289673,-1.999939,-1.999939,-1.999939,-1.63324,-1.223511,-1.094177,-0.251648,-0.128418,0.34082,0.59729,0.324829,-0.067383,-0.330232,0.089482,0.196541,0.146208,0.165915,0.329167,2.006692,2.219745,2.193646,2.057292,1.819472,1.581385,-0.049535,-0.037817,0.196808,0.50387,0.758202,0.900947
0.007053406250000011,-0.7172765625,-0.13499545312500003,-0.03942103125000001,0.027740562499999885,-0.033953234375000065,0.33375274168351876,0.8588160842414765,0.18154414070366706,0.4323574769667391,2.854249260263146,0.44352562731503115,-0.761658,-1.719299,-1.842163,-1.028259,-0.590515,-0.182129,-1.999939,-1.999939,-1.999939,-1.999939,-1.95166,-1.527344,-0.047424,0.34375,0.390686,0.622314,0.772705,0.568665,0.346744,0.818922,1.487642,1.728924,1.342499,0.752343,-0.777909,-1.247691,-1.876197,-2.577141,-3.069826,-3.358512,0.385626,-0.235956,-0.707336,-0.800813,-0.898018,-0.967793
0.002328898437500021,-0.7548885234374998,-0.13097098437500004,-0.09377239062500001,-0.18386838281250006,-0.009027687500000003,0.37802166522184005,0.8405127394286765,0.22710764362174785,0.41674792911381486,2.8103433462887732,0.4823732201329566,1.381836,0.844788,-0.157532,-0.619141,-0.786255,-0.796448,-1.999939,-1.999939,-1.999939,-1.999939,-1.999939,-1.999939,-1.181274,-0.577332,0.521423,0.659546,0.203369,0.000061,-0.599744,0.031692,-0.565655,-0.834901,-0.54941,-0.047671,1.720935,1.316933,1.184574,1.363539,1.833586,2.288454,0.812797,1.067661,0.343548,-0.120908,-0.25593,-0.162985
0.034800554687500006,-0.7259516718749995,-0.14407256250000008,-0.09597574218749996,-0.0012358749999999705,-0.00716971875000001,0.3633181611460444,0.8714417467590571,0.21566198346243695,0.4470238973806023,3.085103597364109,0.5473932601034007,0.484375,0.291504,0.014526,-0.726501,-1.411682,-1.263,-1.999939,-1.999939,-1.999939,-1.999939,-1.999939,-1.999939,-1.184387,-1.320862,-0.192261,0.447815,0.063049,0.103455,-1.0887,-0.440753,-0.29854,-0.493484,-0.124103,0.530768,-1.971006,-1.941977,-1.801628,-1.818939,-1.836516,-1.735582,0.224238,0.075634,0.079096,0.118244,-0.053263,-0.346744
-0.006666171874999996,-0.7386464921874997,-0.16395382031249994,-0.040336492187499955,-0.09037474999999988,0.055824437500000025,0.4863586550612301,0.8343562072061417,0.2796471643134399,0.45245688264856704,3.073742021482362,0.6070871469026258,-0.110657,0.610779,1.044373,1.420227,1.675537,1.14447,-0.612854,-0.99823,-1.297302,-1.775879,-1.999939,-1.999939,-0.664673,0.031921,0.246826,-0.653564,-1.157959,-0.487732,-0.234624,-0.829575,-1.770203,-1.939314,-1.025051,-0.465521,2.074603,2.475408,2.381399,2.272209,1.92946,1.449026,-0.315052,-0.318514,-0.103597,0.327835,1.057009,1.593369
-0.020336148437499986,-0.7223939687499997,-0.137890390625,0.02131152343750001,-0.023288046874999968,-0.025693265625000017,0.4648494058452457,0.847364870348724,0.2796520521568541,0.37928181547987355,3.054806144368565,0.5799407589642753,-0.575195,-0.250305,0.135376,0.750977,1.242004,1.299011,-0.667603,-0.689758,-0.702759,-0.775146,-1.2276,-1.878906,-0.081909,-0.362976,-0.381531,-0.401733,-1.065308,-1.999939,0.410127,0.204797,-0.463656,-1.404551,-1.66341,-0.668986,-2.082592,-2.124404,-2.08126,-1.759284,-1.249822,-0.953678,-0.019707,-0.247141,-0.333694,-0.046073,0.442351,0.92678
-0.027158734375,-0.7272696328124996,-0.10902265624999999,0.05224787500000002,-0.011168601562499898,0.006291695312499979,0.46280706547666906,0.8552653087272573,0.2139193122393928,0.2980092927402204,2.776263905695707,0.6361498558295204,0.11908,0.010254,-0.06781,-0.155273,0.004089,0.362366,0.003235,-0.127747,-0.250549,-0.436768,-0.675598,-0.910339,-0.141846,-0.211121,-0.257019,-0.651306,-0.777771,-0.49762,-0.910801,-0.654871,-0.472711,-0.311057,-0.188818,-0.27617,0.989631,1.050351,1.392833,2.144644,2.894057,3.181412,-0.115848,0.044208,0.152865,0.154197,0.133158,0.202134
-0.039815445312499954,-0.7518977734374999,-0.06681349218749993,0.08458239843749998,-0.10184089843750012,-0.08629267187499998,0.4974797216401388,0.7761271236458144,0.21954964170862984,0.23451694453452496,2.4575849359377764,0.64245414426523,-0.296204,-0.940186,-1.495789,-1.208557,-0.844238,-0.208923,-0.335571,-0.762939,-1.070862,-1.098633,-1.117554,-1.186584,-0.150085,0.289734,0.149536,-0.085632,-0.287476,-0.376404,-0.561927,-0.495881,-0.727842,-0.752343,-0.107858,0.065514,-0.682568,-1.079646,-1.124387,-0.950216,-1.292965,-1.418932,0.769387,0.722782,0.42291,-0.010919,-0.178165,-0.163784
-0.052845476562500014,-0.7280649843749999,-0.039060148437499984,0.0848175,-0.054351328124999966,0.03930865625000001,0.4341511761984405,0.7665587481046777,0.16010367309919826,0.17467185777318114,2.1832820360851355,0.6734161030265736,-0.121765,-0.266968,-0.282349,-0.274597,-0.196106,-0.016235,0.106934,0.055115,-0.011841,-0.104675,-0.190979,-0.3172,0.019958,0.327209,0.338196,0.202026,0.009277,-0.310242,-0.171774,-0.105727,-0.046872,-0.030893,-0.137685,-0.259658,1.526258,1.19789,0.915329,0.873251,1.219195,1.889246,-0.494016,-0.421845,-0.365652,-0.353934,-0.335825,-0.27324
-0.011255773437500012,-0.7803258515624997,-0.013441109374999996,0.09259062499999998,0.15018777343749987,-0.002072265624999965,0.4317289883834207,0.7292109661663168,0.15707163038595648,0.15989238515985824,2.7106658763162548,0.6086024486480552,-0.060486,-0.225098,-0.602173,-0.884277,-0.612671,-0.453308,-0.06488,-0.248108,-0.442993,-0.599243,-0.7276,-0.762146,-0.309326,-0.182129,-0.027344,0.100159,-0.15155,-0.319946,-0.16485,-0.190949,-0.221841,-0.124902,0.161121,0.409594,-1.261007,-1.617604,-1.822401,-1.963549,-2.189118,-2.133725,0.487092,0.420779,0.238619,0.073237,0.022104,-0.089216
-0.0049533984375,-0.8351893203125,0.009535296874999996,0.054925609375,0.32294996093750006,0.07058628906249996,0.37253114714592667,0.7454625859822035,0.15077624761879316,0.21331199551420832,2.279059781160431,0.48919908194445905,-0.074341,-0.198059,-0.310547,-0.360718,-0.369934,-0.344666,-0.03894,-0.079956,-0.083008,-0.09729,-0.135681,-0.203979,-0.192566,-0.009766,0.056641,-0.047729,-0.160095,-0.166504,-0.303334,-0.266582,-0.153664,0.014115,0.18003,0.268447,1.007208,0.879642,0.628772,0.531833,0.602673,0.863397,-0.364054,-0.359793,-0.319846,-0.261256,-0.21758,-0.241016
0.046301851562499996,-0.8651866796874997,-0.007175937499999985,-0.02296354687499999,0.5795164218750001,0.032388625000000025,0.30005107253184427,0.786406631437463,0.15377104731346064,0.24709514737144675,3.041471038812167,0.38527000509774817,0.20813,-0.339111,-0.535767,-0.92572,-0.931213,-0.7854,0.393005,0.014465,-0.16156,-0.565247,-0.626648,-0.564209,-0.471313,-0.513367,-0.421692,-0.218262,-0.087036,-0.137939,0.152599,0.140349,-0.091879,-0.16698,-0.272974,-0.237021,0.132359,-0.131826,-0.400007,-0.496147,-0.944091,-1.25062,1.23837,1.347293,1.041829,0.857538,0.344613,0.168844
0.06477211718749992,-0.9322671953124996,0.01712559375000001,0.03684524218749998,0.9222007499999998,0.0016374453124999942,0.21289205234364758,0.8434165835504098,0.13333519177035333,0.3002216740518386,2.21231442333811,0.20144608547407572,0.413696,0.114441,-0.002136,-0.115967,-0.032166,-0.03949,0.475037,0.229004,0.136475,-0.042908,-0.137146,-0.266663,-0.452942,-0.280029,-0.181702,0.107483,0.21405,0.140015,0.167247,0.188552,0.194943,0.155795,0.069775,0.03329,1.408013,1.619202,1.748632,1.81814,1.884187,1.968342,-0.060454,-0.015713,-0.052464,-0.108124,-0.086286,-0.043942
0.05748462500000002,-0.9015197890624994,-0.028279289062499997,0.07086919531249997,1.0407217890625,-0.08567471875,0.2262355193740788,0.905721031126672,0.15645222811359302,0.3742446148690245,3.0199567718666867,0.2493088745294006,0.189514,0.167419,0.020874,-0.190857,-0.384033,-0.684937,0.436584,0.323486,0.195923,0.033447,-0.115601,-0.217712,-0.25647,-0.241577,-0.273071,-0.324036,-0.369934,-0.26593,0.377903,0.089482,-0.19015,-0.325705,-0.318248,-0.279366,0.935036,0.698547,0.489755,0.312122,0.083091,-0.231429,0.390686,0.454602,0.463923,0.414654,0.369913,0.268979
0.004934273437499991,-0.8572792890624993,-0.029556257812499976,0.08907026562499996,1.2940071328124987,-0.026766882812499976,0.2010210595528301,0.934963763001389,0.15500654137715353,0.3406135860894564,2.4247197248537535,0.2220926834151279,0.478516,0.377136,0.308167,0.230042,0.168274,0.12207,0.423279,0.558533,0.562683,0.544617,0.482666,0.249268,-0.367981,-0.58551,-0.755859,-0.676392,-0.45636,-0.206482,0.454868,0.633566,0.713195,0.475374,-0.047138,-0.047138,1.207211,1.730256,2.21069,2.616023,2.880209,2.880209,-0.634365,-0.336091,-0.199737,-0.193612,-0.241815,-0.241815
-0.019479304687499997,-0.8363437421874997,-0.043714015625,0.17932231249999983,1.0993466796875004,-0.0878260703125,0.16520421536854424,0.8852955266876414,0.148648022107921,0.25622529743538186,2.6019523485045033,0.22731363971334154,0.331238,0.08136,-0.019653,-0.106018,-0.122437,-0.088074,-0.309631,-0.064148,0.134583,0.276306,0.363403,0.373291,-0.214783,-0.018677,0.006714,-0.07196,-0.181152,-0.212585,0.256995,0.377104,0.404268,0.403469,0.336357,0.282029,1.925998,1.766475,1.599495,1.4943,1.224522,1.109473,0.448743,0.321976,0.222907,0.145142,-0.145409,-0.234891
-0.014402406250000003,-0.7766475234374999,-0.0790104296875,0.0005222343750000821,1.2744079218750004,-0.013080703125000006,0.15924756009912494,0.8577311607757153,0.1430124607658218,0.23508974261249582,2.3761834909700417,0.27607735218221047,0.159485,0.294067,0.347046,0.466003,0.551147,0.523071,-0.709412,-0.183716,-0.019409,0.266724,0.540588,0.625427,0.167786,-0.199402,-0.296997,-0.388733,-0.459839,-0.460632,0.662861,0.66872,0.760066,0.877245,0.988299,1.027448,-0.745685,-0.354467,0.148604,0.65354,1.11187,1.53691,-1.197624,-1.209342,-1.110538,-0.947286,-0.762729,-0.600543
-0.023420343749999968,-0.8294357734374997,-0.07034870312500001,-0.11395000781250006,0.7140164296874999,-0.022089671874999956,0.15158666724958164,0.8442821086603814,0.14446435101594263,0.24515528106312595,1.6185917299502162,0.27076480241900946,0.053467,0.142334,0.080261,0.044983,-0.045105,-0.164124,-1.050598,-0.852173,-0.645203,-0.57312,-0.424438,-0.274902,0.340088,0.002502,-0.033813,0.027344,0.127136,0.062195,0.804807,0.645018,0.40773,0.152066,0.015979,0.104929,1.620001,1.368598,1.242631,1.123854,0.95501,0.821319,0.635164,0.715059,0.727842,0.666323,0.484695,0.207727
0.006616148437499982,-0.8534779296874992,-0.17309662499999998,-0.19526799999999997,1.0178789609374996,0.017649710937499972,0.17111597931239525,0.8699667538256404,0.15554987506348036,0.3846616981899683,1.8183166854632185,0.3601896087575614,0.282959,0.271484,0.220215,0.109009,0.047485,-0.059875,-1.243042,-1.155151,-1.040039,-0.879089,-0.788147,-0.522339,-0.00415,0.0224,0.053162,0.106689,0.146362,0.261597,-0.065247,-0.024767,0.056193,0.102265,0.274572,0.406132,-1.067395,-0.985902,-0.774447,-0.637827,-0.299073,-0.213852,-0.468184,-0.633832,-0.62824,-0.589091,-0.435427,-0.350738
-0.01789518749999999,-0.8377747499999993,-0.21714350781249994,-0.14277669531249992,0.5626240390625002,-0.06523701562499995,0.2207675234594291,0.9473280009470231,0.16634973434617314,0.6739460377228434,1.9265970460154562,0.5034050702591021,-0.292053,-0.41449,-0.396423,-0.261963,-0.099854,-0.03125,-1.999939,-1.999939,-1.999939,-1.851746,-1.580017,-1.395935,0.44104,0.236572,0.02002,-0.138,-0.142334,-0.047119,-0.272708,-0.39761,-0.556334,-0.622381,-0.589091,-0.527572,2.257562,1.853027,1.744371,1.751561,1.752094,1.654888,1.190433,0.937699,0.625577,0.372843,0.258859,0.169377
-0.03457639062500001,-0.8591771171874997,-0.2980551640625,-0.07989279687499996,0.48625995312500014,0.029744218749999985,0.3630933436372637,1.003680927538104,0.2260180878720595,0.8732501060403366,2.362052779625132,0.6715201011150541,-0.968384,-0.835754,-0.26001,0.109314,0.25,0.19989,-1.999939,-1.999939,-1.999939,-1.999939,-1.999939,-1.999939,0.418396,0.956726,0.791077,0.423767,0.14386,0.214172,-1.031975,-1.470864,-1.571265,-1.310009,-0.822118,-0.418649,-0.015979,-0.283094,-0.580037,-0.861799,-1.01573,-1.080178,0.022637,-0.30147,-0.348608,-0.156061,0.039148,0.093211
-0.03318068750000004,-0.7868590624999999,-0.3656506406250002,0.046684359375,0.29790162500000006,-0.01640545312500004,0.5219551491608307,1.0258623032511143,0.2250297070142005,0.991821735338799,3.6509977768902058,1.0782732860259658,-0.354553,-0.822693,-0.84259,-0.619507,-0.297241,-0.023438,-1.999939,-1.999939,-1.999939,-1.999939,-1.631287,-1.074524,-0.531372,-0.310669,-0.215027,-0.201782,-0.038147,-0.170471,-0.855674,-1.363272,-1.665008,-1.774731,-1.874066,-1.75236,3.769971,3.758786,3.47942,2.96037,2.390986,2.041047,0.484962,0.01518,-0.276436,-0.227168,0.195742,0.969923
-0.10945607812499997,-0.7084560468749999,-0.33176755468750013,0.03710324999999996,-0.15924869531250005,0.015350671874999987,0.8085807295778831,1.0907673907954145,0.33109812021801277,1.250659660734992,4.204866720897932,1.294554947709671,-0.806396,-0.982178,-0.852478,-0.504639,-0.219482,-0.088806,-1.999939,-1.999939,-1.999939,-1.805847,-1.607117,-1.636902,-0.524719,-0.337463,-0.212402,-0.009155,0.049622,-0.028748,0.060187,-0.148072,-0.098271,-0.116913,-0.164051,-0.140615,-0.350738,-0.377104,-0.658333,-0.951281,-1.282312,-1.596033,-0.098803,-0.932106,-1.118261,-1.115066,-1.082042,-1.099619
-0.12588169531249996,-0.681713578125,-0.3168516171874999,-0.04667185937499997,0.02688337499999994,0.047371023437500014,0.9381289175884027,1.086732841673741,0.38233359451774984,1.2255368277874616,4.991320397898614,1.4419287606228735,-0.098877,-1.230042,-1.482544,-1.087585,-0.548645,-0.244324,-1.999939,-1.999939,-1.999939,-1.999939,-1.999939,-1.999939,0.222839,-0.655334,-0.810059,-0.427856,-0.226807,-0.286377,-0.8104,-1.256213,-1.426655,-1.404551,-1.197357,-0.505202,1.920672,1.719071,2.277802,2.236789,1.983522,1.666606,1.804558,1.710016,0.613859,0.35926,0.241549,0.502805
-0.1839504296875,-0.6327600624999996,-0.28336143750000004,-0.02089328906250001,-0.27774482812499984,-0.08745568750000002,1.0592058559788766,1.0966760929476957,0.40512792386215346,1.3498024367552777,5.603245229483134,1.6573815685201223,-1.999939,-1.308167,0.018799,0.412964,0.552185,0.384705,-1.999939,-1.999939,-1.344971,-1.168274,-1.255371,-1.392029,0.081055,0.089417,-0.134644,-0.224609,-0.354736,-0.323914,0.017577,0.313188,0.47857,0.636762,0.823449,0.90947,-2.861833,-3.062635,-3.21124,-3.378752,-3.456517,-3.295928,-1.381914,-1.730522,-1.645567,-1.203483,-0.846619,-0.767789
-0.14622878125000005,-0.6037020781249998,-0.27972365625000006,-0.080849796875,0.16734014062499988,-0.1296251562499999,0.9963857366399199,0.9794649309593322,0.3871860708649205,1.1889345601134704,6.5775236237993395,1.334208334606763,-1.103394,-0.262268,0.264771,0.418762,0.234009,0.020813,-1.999939,-1.999939,-1.588196,-1.025208,-0.788757,-0.812378,0.602539,0.744751,0.375671,-0.164062,-0.670593,-0.778931,-0.549676,-0.38243,-0.030893,0.588026,1.388839,2.031992,2.282329,1.761415,1.512409,1.560879,1.754491,1.975533,-0.339553,-0.191215,0.406398,1.12199,1.615474,1.788845
-0.12116428906249993,-0.5680661171874999,-0.2680482812499999,-0.012637539062499998,-0.14739142968750013,-0.21655448437499994,0.9378098929167424,0.8940598666588911,0.39526545733110113,1.0191139743091637,6.724786058038544,1.397675845870551,-0.877869,0.479309,0.430176,0.271057,0.046814,-0.052246,-1.884155,-1.162903,-1.299927,-1.2771,-1.02179,-0.71405,0.409302,-0.58728,-0.532166,-0.24176,-0.120605,-0.10498,1.062069,1.138235,1.176052,1.120126,1.139833,1.38298,-3.342001,-3.065565,-2.658101,-2.245844,-1.914546,-1.79284,-1.30628,-1.005343,-0.933438,-0.950482,-1.022388,-1.244761
-0.07521341406249991,-0.5679827031249997,-0.2698101875000001,0.013118140625000031,0.027041460937499755,-0.1294274921875,0.9233171162970312,0.8281651738569343,0.3487888435785473,0.8966498359613498,6.495582363186438,1.2605048836748194,0.46637,0.636536,0.559509,0.221924,-0.387146,-0.733398,-1.479126,-1.194763,-1.124634,-1.117981,-1.048584,-0.789734,-0.358521,-0.775818,-0.610413,-0.157166,-0.27594,-0.423889,0.856473,1.80083,2.595783,2.643454,2.132926,1.441569,1.64317,1.803759,1.837315,1.800297,1.950499,2.515888,0.370179,1.033306,1.506817,1.561411,1.112136,0.059921
-0.022008414062500047,-0.5173134999999999,-0.2379259843750001,0.055131578125,-0.16411730468750008,-0.18603631250000008,0.8066902331531263,0.7726333117179525,0.3213333148868187,0.775041970670624,5.887398834340652,0.9866363374517443,1.048462,0.791687,0.586792,0.46521,0.428711,0.426086,-0.467346,-0.53772,-0.343384,-0.209717,0.22168,0.38623,-0.42395,-0.357422,-0.14978,-0.043335,-0.131165,-0.506104,0.635164,0.843689,0.961401,0.958738,0.713461,0.360326,-3.878361,-3.563842,-3.139867,-2.782204,-2.160623,-1.188303,-0.987234,-1.121457,-1.309476,-1.378452,-1.226386,-1.052481
-0.04894639062500003,-0.549007453125,-0.17725370312500002,0.09309409375000001,-0.05770739062500015,-0.0230238203125,0.7954739214288223,0.8309311402756195,0.31291920758353337,0.8288425581331248,4.839814088032223,1.0400994568869832,-0.299377,-0.354309,-0.417236,-0.455811,-0.407776,-0.198669,-0.20166,-0.156494,0.034363,0.317444,0.696228,1.140442,-0.053894,-0.091736,-0.13916,-0.09259,-0.124695,-0.119324,1.740109,1.637311,1.562477,1.318797,0.936634,0.706537,1.722266,1.282845,1.04103,0.613859,0.415986,0.403203,1.435977,1.241566,1.054612,0.597081,0.236489,0.131294
-0.019088773437500012,-0.5636578437499998,-0.16293763281249996,0.12948789843750003,-0.1169315234374999,-0.05006740624999995,0.6510996570625074,0.8611246978521336,0.18634245543749406,0.7537201075977612,4.678653761464347,0.8230270835049047,0.590027,0.62677,0.823303,0.881043,0.824585,0.868225,-0.587769,-0.265564,0.110779,0.363464,0.448669,0.463379,-0.516541,-0.192261,-0.020142,-0.278076,-0.472595,-0.404724,1.166465,1.070591,0.801878,0.479902,0.174703,-0.124902,-2.062885,-1.694569,-1.333179,-0.701743,0.047138,0.747283,-1.133441,-1.365669,-1.339304,-1.204814,-1.083108,-0.798149
-0.04992580468750002,-0.5767393593749999,-0.10562181249999995,0.1424583125,0.14079797656249987,0.057728171875,0.5606838395863633,0.8898546845764679,0.22255506177324014,0.7560002718548146,5.033306873827394,0.736938381301041,-0.405945,-0.275085,-0.047852,0.213867,0.397766,0.52356,-0.340332,-0.013672,0.395813,0.819641,1.123718,1.337463,0.049316,0.182861,0.027832,-0.334045,-0.564819,-0.543579,1.288171,0.932106,0.598146,0.482032,0.471113,0.345678,0.505734,0.405866,0.369913,0.331564,0.231695,0.120375,0.578439,0.123038,-0.226635,-0.283893,-0.09614,0.28842
-0.050220039062500006,-0.6336875390624997,-0.06929732812500004,0.037456968750000014,0.136967609375,-0.03871570312499999,0.5127724399993765,0.8930902950464871,0.16031147904811202,0.7577349467714954,4.941552011407922,0.6533851978506673,0.382019,0.474243,0.588074,1.087952,1.200378,0.631714,-0.070435,0.149719,0.213928,0.486023,0.545227,0.309326,-0.106018,-0.4505,-0.494446,-0.312439,-0.355042,-0.627441,0.595217,0.36938,0.111586,-0.209324,-0.489755,-0.512392,-1.196825,-0.279898,0.629305,1.370196,1.950765,2.560629,-1.029844,-1.232245,-1.361408,-1.257811,-0.744354,-0.384294
-0.09062290625000004,-0.6829567265624995,-0.03040936718749996,-0.026795929687500025,0.08911186718749996,-0.026550460937500017,0.4571803540251722,0.8888029475465314,0.17540812503270672,0.6895784258759712,4.300610597148838,0.5221445763500614,-0.422607,-0.211548,-0.058716,0.140991,0.168823,0.097839,0.313599,0.547302,0.777466,0.979614,0.971008,0.889587,0.026367,-0.359436,-0.635376,-0.492065,-0.217468,-0.198242,0.727309,0.822118,0.847152,0.574444,0.120908,-0.338754,1.14729,0.984304,0.863397,0.63836,0.238353,-0.250603,0.159257,0.108124,0.177367,0.414654,0.695351,0.927845
-0.10207460937500004,-0.7368254765624999,-0.03937200781249999,-0.11300954687499994,0.00881755468749995,-0.09197474218749996,0.4391352259175156,0.8806240896181565,0.18966506117093704,0.4887997732959189,4.681537931232246,0.4990672066610433,1.039856,1.132935,0.707581,0.437378,0.331177,0.09314,0.451965,0.484192,0.351013,0.272156,0.221191,0.079041,-0.59436,-0.483215,-0.443237,-0.394897,-0.387878,-0.38385,-0.469249,-0.713993,-0.903877,-0.902812,-0.727576,-0.530768,2.087119,2.611229,3.001383,3.123622,3.113235,3.135073,-1.099087,-0.798149,-0.636229,-0.461526,-0.109722,0.320378
-0.09292842187499999,-0.7936887890624997,-0.024407890625000008,-0.09248032812500005,-0.05701243750000001,-0.14240418749999997,0.4242086174492537,0.8512326751645927,0.14707975038652332,0.3584201741289938,4.206779834669017,0.4540071895684843,0.179626,0.354065,0.568237,0.444946,-0.230713,-0.897156,0.775085,0.79303,0.638855,0.306824,-0.141541,-0.525146,-0.43335,-0.26825,-0.257629,-0.317444,-0.322327,-0.295044,-0.131826,-0.680171,-1.148621,-1.355815,-1.328118,-1.308411,0.824515,0.485228,-0.113983,-1.163801,-1.432514,-1.639708,-0.467385,-0.466852,-0.239951,0.231162,0.253533,0.12943
-0.054410437500000006,-0.8570618828124998,-0.014135851562500025,-0.08997531250000006,0.29413366406250024,-0.031456476562499974,0.3382238440537441,0.8268348359353328,0.1491081203558124,0.2425065483878387,3.4925091534425095,0.3663979213544088,0.748169,0.38855,0.024719,-0.196655,-0.424988,-0.675903,0.590637,0.288696,-0.159302,-0.323669,-0.425049,-0.4953,-0.702026,-0.694336,-0.440247,-0.172729,-0.013,0.012634,-0.495614,-0.28336,-0.104929,-0.080694,-0.236489,-0.275371,1.495099,1.628523,1.618936,1.564873,1.470598,1.468467,-0.205063,0.021305,0.110788,0.124636,0.027697,-0.021838
0.015094296875000001,-0.8597455078124996,-0.08193112500000002,-0.19549268750000007,0.528545953125,-0.06322508593749998,0.29478612401817883,0.9094355071776064,0.11500746083475591,0.40177009078193293,4.423727483578629,0.3496999162898431,0.351379,0.483765,0.479858,0.291443,-0.000793,-0.351685,0.99707,0.917908,0.718262,0.306213,-0.128906,-0.555786,-0.333496,-0.550903,-0.739258,-0.827332,-0.770752,-0.52533,-0.383762,-0.508397,-0.558731,-0.451938,-0.302801,-0.325172,0.421312,0.295078,0.16991,-0.054062,-0.410393,-0.783236,0.181894,0.5321,0.856206,1.022654,1.008006,0.847152
0.023353570312499943,-0.8696384453125001,-0.07582950000000002,-0.11161978906249996,1.2291529140625004,0.023431671875000004,0.2487074030036957,0.8508790556021391,0.10867838700659845,0.4614441467810654,1.7694860896239384,0.20460527718324584,0.73999,0.501892,0.323547,0.088928,-0.179443,-0.40686,0.586975,0.348877,0.100952,-0.135376,-0.362793,-0.572021,-0.559998,-0.467773,-0.322754,-0.113953,0.037415,0.120667,0.070307,0.069509,0.103863,0.101733,0.091879,0.123837,1.562743,2.087386,2.244246,2.283927,2.258361,2.275671,-0.34701,0.014381,0.160589,0.195742,0.107592,-0.099602
0.05305482031250002,-0.8091974296874997,-0.11260275000000004,-0.09259482812499994,0.907164234375,-0.1059293125,0.19450069175638487,0.8723592973937897,0.08448643229222051,0.49349600820236406,2.013418796224103,0.2156977779847362,0.307861,0.450806,0.471497,0.426086,0.246887,0.031555,0.435669,0.622498,0.673523,0.658691,0.499145,0.220154,-0.173889,-0.202515,-0.187988,-0.215271,-0.301453,-0.387756,0.464722,0.287621,-0.037817,-0.373109,-0.566987,-0.587493,0.791758,0.811998,0.93983,1.060205,1.120658,1.096157,-0.508397,-0.416518,-0.181095,0.115315,0.376571,0.542752
0.03530503125000002,-0.7729067968749995,-0.12720063281250005,-0.029586109374999912,1.0757901796875,-0.07714221093749993,0.19068882253699118,0.8584669464172973,0.07327191882743103,0.44990646435561,1.8070400844390622,0.26232346253945904,0.195801,0.242126,0.334412,0.429932,0.396912,0.19574,-0.36084,-0.217834,0.07605,0.539673,0.773804,0.830872,-0.175781,-0.207092,-0.254883,-0.327454,-0.270569,-0.059692,1.066862,1.024518,0.864995,0.678041,0.500408,0.232228,0.694552,0.883371,1.118261,1.373392,1.606951,1.769404,-0.56965,-0.655404,-0.629305,-0.456732,-0.175769,0.074302
-0.016409398437500007,-0.7425537187499998,-0.08794737499999998,0.15850380468749994,0.4154489609375,-0.06587164843750003,0.16898534145809976,0.8119117313441563,0.07940341823137013,0.20673942699330816,1.5172876838618963,0.25743574274925324,0.003418,0.047791,0.085022,0.105652,0.038452,-0.075195,-1.250427,-0.966736,-0.656433,-0.321594,-0.0177,0.209229,-0.170044,-0.120667,-0.07843,-0.034058,-0.033569,-0.120605,-0.859136,-0.725978,-0.540622,-0.361924,-0.190416,0.004261,2.271677,2.333195,2.270345,2.182727,2.118278,2.070075,-0.204264,-0.222907,-0.168045,-0.034355,0.113184,0.201335
0.0483536875,-0.7573905156249997,-0.053566468750000006,0.14962385937499995,0.5664834843750003,-0.02709146093749991,0.08881477755539763,0.8678718070689451,0.05931572784683364,0.20348460264577536,1.4067508482156064,0.2582633574761402,0.238708,0.165894,0.073181,-0.005371,-0.036438,-0.007263,-1.46991,-1.382202,-1.295105,-1.180481,-1.016052,-0.786743,-0.065613,-0.198914,-0.125,0.053955,0.21582,0.260193,0.353934,0.432764,0.54435,0.606135,0.615723,0.622381,-1.309743,-1.217864,-1.066063,-0.914796,-0.808536,-0.745951,-0.502272,-0.603739,-0.723581,-0.8357,-0.929177,-0.972853
-0.01199053906250001,-0.8141513046874996,-0.06081722656249999,0.10826789062499999,0.5510433593750002,0.039294085937499924,0.11690893985029772,0.8690296473342449,0.07672375548880656,0.21805393920789343,1.296545746168783,0.2653317901648665,-0.161682,0.000427,0.112488,0.185547,0.253113,0.253113,-1.999939,-1.999939,-1.949341,-1.879944,-1.774109,-1.774109,0.074524,0.134827,0.083496,-0.024963,-0.076416,-0.076416,-0.585895,-0.612261,-0.48363,-0.287089,-0.287089,0.042611,2.000567,2.045574,1.857821,1.659416,1.659416,1.139567,-0.267914,0.014914,0.291616,0.315052,0.315052,0.234891
0.0495486171875,-0.8932685937499996,-0.0846271640625,0.0057133203125000025,0.9676325312499999,-0.030376710937500048,0.14222704507787592,0.8041122699806683,0.07468405096461064,0.24154048471683356,1.943961464302077,0.24599008756064808,-0.853149,-1.108032,-0.731995,-0.235352,0.101074,0.300171,-1.999939,-1.999939,-1.999939,-1.999939,-1.968445,-1.730469,0.196594,0.260376,0.373413,0.440674,0.369751,0.208252,-0.046339,0.190682,0.515055,0.706004,0.670318,0.489755,-1.277518,-1.214401,-1.290035,-1.50655,-1.724131,-1.81601,0.683367,0.22557,-0.031692,-0.070574,-0.089216,-0.107059
0.009337414062499987,-0.9717397890624995,-0.07973718749999995,-0.012766515624999988,0.9703914140625004,-0.008401445312500049,0.13471820075274846,0.7363787875454908,0.07092646742500397,0.221220153820236,1.576890736065897,0.3326427977911621,0.637756,0.498474,0.184326,-0.04071,-0.180908,-0.104858,-1.764954,-1.999939,-1.999939,-1.999939,-1.999939,-1.999939,0.381836,0.355652,0.223572,0.163452,-0.099731,-0.260864,-0.805074,-0.834635,-0.780306,-0.736364,-0.537959,-0.229564,1.923335,1.468201,1.212804,1.154214,1.208276,1.498827,0.662594,0.483097,0.123837,-0.056992,-0.360592,-0.421046
0.02208994531249998,-0.9845853046874996,-0.07363461718749997,-0.19249453125000004,0.9244622968750004,-0.1364703359375,0.12990754891150086,0.7057292505487647,0.09287451854814364,0.4470889601452588,1.551435672091958,0.3083474658042722,-0.518433,-0.302612,-0.032898,0.243958,0.135986,-0.240234,-0.800293,-1.135071,-1.622681,-1.999939,-1.999939,-1.999939,-0.157776,0.154175,0.056885,-0.440125,-0.849731,-0.826843,-0.283893,-0.596814,-0.996022,-1.158741,-0.864462,-0.479902,-0.398942,-0.619451,-0.574178,-0.12437,0.107592,0.274039,0.186421,0.30866,0.544616,0.833037,1.026649,0.819987
0.005002507812499993,-0.9685154296874996,-0.12703419531249996,-0.3738454218750001,0.7059832421875005,-0.06744451562500006,0.17713794874058256,0.7076880277644829,0.13740231043319778,0.46300346119528496,1.837223413907665,0.2880926567562044,-0.03363,0.055603,0.245972,0.607239,1.067322,1.279846,-0.366821,-0.472107,-0.56073,-0.760315,-1.098328,-1.640076,-0.317627,-0.382629,-0.380737,-0.276184,-0.365051,-0.280823,-0.260723,-0.263919,-0.101999,0.002131,0.053263,-0.021838,3.054646,3.145992,3.425358,3.242931,2.934271,2.645052,-0.087085,-0.128631,-0.170975,-0.145941,0.044741,0.515588
0.0051255546874999945,-0.9104752734374995,-0.16174552343749996,-0.38468738281250003,0.254467125,-0.05372922656250006,0.1641728503870836,0.7812009871560425,0.17490942533755846,0.5826032886611202,1.1392528609392758,0.5164011638322239,-0.123108,-0.219238,-0.246582,-0.331177,-0.470581,-0.51886,0.384277,0.164001,0.071838,-0.144714,-0.464661,-0.555237,-0.179016,-0.210693,-0.214539,-0.214111,-0.293152,-0.335632,0.167513,0.209591,0.31372,0.484962,0.654605,0.760333,1.005077,0.831705,0.619718,0.385093,0.213319,0.13955,0.312655,0.45833,0.609065,0.730505,0.790426,0.755539
-0.0176672578125,-0.9089775234374996,-0.2645730859375,-0.3311640859375,0.0823207734375001,-0.06197464062500005,0.222588775230681,0.8656918356083622,0.20494010371834687,0.8873191242413703,2.0281169303753415,0.661113637531901,0.086243,0.04425,0.068726,0.113281,0.15802,0.218323,0.118225,0.203369,0.239502,0.261353,0.261963,0.254639,-0.293335,-0.301086,-0.25531,-0.207886,-0.177673,-0.165283,0.622913,0.67085,0.561128,0.321444,0.03835,-0.199737,-0.008256,0.246609,0.463124,0.670584,0.834635,0.920388,-0.65567,-0.602673,-0.596015,-0.604005,-0.592553,-0.543818
-0.022328812500000003,-0.8791813906249998,-0.34825228906249983,-0.04375282812500002,0.07456844531250002,-0.05141564062499999,0.25722829160862587,0.8972839339231689,0.17700045077297868,1.019262751987277,2.2658572617784234,0.8862221641113499,0.296326,0.228333,0.122314,0.065125,0.0672,0.084778,-1.280396,-1.025696,-0.835693,-0.678406,-0.48938,-0.280396,-0.380249,-0.412292,-0.374512,-0.240479,-0.131165,-0.26062,-0.758468,-0.309726,-0.309726,-0.173638,-0.274306,-0.326504,0.689759,0.748615,0.748615,0.797084,0.740359,0.72145,0.37231,0.512659,0.512659,0.454335,0.401072,0.368582
-0.012497406249999997,-0.8416418828124994,-0.35300110937499996,0.17782634375000006,-0.22604624999999992,-0.12546400781249997,0.4527906009746841,0.9821611681602614,0.22403116036312187,1.1344314639639754,3.289651369438125,1.2132235010215828,0.254578,-0.180115,-0.12207,-0.018433,0.091919,0.213867,-1.870667,-1.56311,-1.052551,-0.454468,0.066162,0.499451,-0.092834,-0.318298,-0.277527,-0.128845,-0.058838,-0.1474,0.506267,0.771784,1.125186,1.203483,0.83783,0.347276,-1.851163,-1.40828,-1.158741,-1.000017,-0.728375,-0.372044,-1.094559,-1.397094,-1.608816,-1.665807,-1.61787,-1.477255
-0.028984062499999984,-0.7514777031249995,-0.3358278515625001,0.28554703124999986,-0.01696727343750016,-0.066537421875,0.5276136188000747,1.0155689672061954,0.21810393318085192,1.2173233815459352,3.5237495152763896,1.2167035507269388,0.204468,0.150513,-0.119812,-0.387329,-0.59137,-0.551697,-1.499573,-1.436035,-1.040894,-0.770691,0.199524,0.488464,-0.611084,-0.585083,-0.559998,-0.515747,-0.408569,-0.263672,1.807221,2.088717,2.181129,1.86661,1.462874,1.034105,1.396029,1.316667,1.135838,1.252485,1.561411,1.540106,1.702293,1.36993,0.905741,0.309193,-0.006924,-0.092412
0.0037150468749999853,-0.6282663124999999,-0.28703881249999996,0.28438190625000004,-0.2910814453124999,-0.0406548203125,0.7395850326614625,0.9303075263823424,0.33682907956648417,1.1233924237241968,4.129960678345587,1.5093719431922752,0.008118,0.334045,0.578979,0.803223,0.793884,0.58197,0.101501,0.616089,0.970154,1.253784,1.139465,0.736511,-0.786743,-0.644043,-0.491638,-0.346008,-0.343384,-0.533203,2.363822,2.069809,1.488174,0.639691,-0.179497,-0.467917,-1.295095,-0.915595,-0.54941,-0.088151,0.630104,1.340103,-2.02054,-1.934254,-1.853827,-1.528921,-1.09163,-0.826113
-0.02288625781249999,-0.5621456953124997,-0.22514058593749997,0.17244801562500003,-0.1020448359375,0.06598398437500003,0.8385719132785864,0.887944348464811,0.34282023376578774,0.8890532148250551,4.630547163648942,1.4846984276274164,0.684448,0.775085,0.726318,0.374146,-0.508057,-1.413025,1.12439,0.810425,0.397522,-0.021057,-0.351257,-0.412231,-0.695068,-0.674561,-0.922302,-1.062805,-0.516357,0.634583,0.168844,-0.351537,-0.20533,-0.20533,0.634898,0.066845,2.080462,1.532383,0.557666,0.557666,-1.387507,-1.695102,0.801345,0.955276,1.042628,1.042628,0.404268,-0.193346
-0.016565796874999997,-0.5351233671874999,-0.2204799609375,0.10642869531250006,-0.10522817968750002,0.03392409374999992,0.7047859153956905,0.8367679973225494,0.31165044888074644,0.8311476737748904,4.598849639916589,1.6290008451974864,0.562744,0.439941,0.262817,0.1875,0.177368,0.045105,1.144043,0.588623,0.201355,-0.044312,-0.138733,-0.112976,-0.750366,-0.572876,-0.278625,-0.148438,-0.012756,0.168457,-0.497479,-0.499343,-0.352336,-0.064981,0.255131,0.319047,1.527589,1.684716,1.441569,0.930775,0.363521,-0.112918,-1.006409,-0.511327,-0.304133,-0.282295,-0.29641,-0.312122
-0.11546516406250006,-0.5947046562499998,-0.19413756249999992,0.01513841406250001,-0.011965531249999904,0.02549560937499998,0.6527488073134611,0.8887863407462109,0.3280240325645627,0.7148878271463861,5.215683494185765,1.5615851058389187,0.632629,0.319824,-0.283508,-1.160522,-1.569824,-1.999939,0.680603,0.304688,-0.047363,-0.314697,-0.371948,-0.42395,-0.204712,-0.19696,-0.091675,0.091431,0.079163,0.358093,-0.628506,-0.511327,-0.208792,0.009321,0.082292,0.022371,0.60294,-0.247141,-0.977646,-1.389904,-1.315602,-1.201352,0.746218,1.017594,1.161937,0.933971,0.557932,0.085754
-0.1291356171875,-0.6926203046874998,-0.1838612500000001,-0.126799765625,0.05667744531249974,-0.09605065624999998,0.456752248073262,0.987099416884009,0.28274320190981095,0.7209119463475353,4.717805927986155,1.1121140617509204,1.132935,0.41333,-0.113159,-0.294434,-0.313599,-0.342896,0.792053,0.38562,-0.009644,-0.284607,-0.34198,-0.34552,-0.4104,-0.65863,-0.544434,-0.211365,-0.009155,-0.051819,-0.349939,-0.013316,0.368582,0.507599,0.459662,0.360858,1.755556,2.300971,2.487925,2.484197,2.450907,2.474609,-0.107059,0.034088,-0.175236,-0.395746,-0.450074,-0.400539
-0.14393664843750004,-0.7552685781249997,-0.1689581484375001,-0.13866539062500008,-0.026872999999999883,-0.17095622656250012,0.3557708247709069,1.000766632644466,0.2794034947957495,0.7316814587674522,4.4548236300835775,0.8722529557132008,0.235596,0.235596,-0.218506,-0.561707,-0.7052,-0.78064,0.792053,0.792053,-0.239502,-0.626892,-0.839478,-0.918457,-0.256775,-0.256775,-0.646912,-0.909241,-1.163574,-0.976501,-0.556334,-1.748898,-1.826662,-1.455418,-0.890827,-0.493484,-0.229564,-0.809335,-1.226386,-1.750229,-2.148905,-2.515356,0.796552,1.325722,1.045024,0.6586,0.243679,-0.164317
-0.16400002343750003,-0.8272886249999996,-0.12273978906250005,-0.15570964843750004,-0.017866093750000155,-0.12940052343749997,0.2707248883762276,0.9726011174656853,0.222165305833333,0.6271946078241829,3.993623778259328,0.4550935533198576,0.268494,-0.067261,-0.547363,-0.973694,-1.232056,-1.203857,0.2229,-0.109619,-0.455872,-0.662109,-0.701904,-0.621948,-0.541626,-0.670715,-0.78418,-0.61145,-0.063171,0.266479,-0.960869,-0.692688,-0.34195,-0.145409,-0.259658,-0.818123,4.223241,3.666108,3.2416,3.190201,3.179282,3.065032,0.297209,0.623712,0.669252,0.497479,0.168578,-0.319579
-0.08211514062499997,-0.8557224062499994,-0.09688327343749997,-0.12899478906249998,-0.035879898437499794,-0.14771808593750008,0.22220551622083043,0.9504270646265578,0.21740827283495606,0.4973708258376953,3.620250658449854,0.3313863427104413,0.599854,0.475586,-0.232483,-0.456726,-0.565796,-0.628052,0.252686,-0.208252,-0.652832,-0.850159,-1.136719,-1.523254,-0.730896,-1.748657,-1.444336,-0.498291,0.320129,0.536316,-2.085255,-1.047954,0.144343,0.657002,0.313188,-0.506267,-0.92465,-1.408546,-1.729457,-1.894839,-2.206962,-2.458364,0.123304,0.385359,0.410659,0.285225,0.189617,0.096939
-0.08707232812499999,-0.8283376328124996,-0.06843995312500001,-0.11881857812499991,0.13389248437499995,-0.057932093750000004,0.17698919432702537,0.9505495273778874,0.12119798651631274,0.37595277053645054,3.162329370626047,0.2843559426397706,0.463562,0.28772,-0.013611,-0.395142,-0.587585,-0.892761,0.26239,0.112183,-0.052917,-0.308533,-0.439941,-0.772644,-0.374939,-0.127136,0.002502,0.067261,0.022034,-0.267883,-0.709732,-0.804807,-0.63543,-0.492951,-0.011185,0.292149,3.404052,3.304184,2.930542,2.732137,2.409096,2.442385,-0.40267,-0.389088,-0.244745,-0.158724,-0.060986,-0.090814
-0.048912968750000015,-0.8590478749999997,-0.08623221875,-0.10868816406249998,0.03599846093750009,-0.06652285937500009,0.15522694849069188,0.9398354198834806,0.11905950158710142,0.33465458578305163,2.9119564725363447,0.3273834282590984,0.051208,-0.012634,0.078369,0.156677,-0.114258,-0.662048,0.479126,0.187561,-0.037598,-0.278503,-0.513306,-0.713196,-0.355347,-0.347046,-0.342468,-0.370911,-0.316589,-0.256531,-0.766191,-1.178182,-1.358745,-1.228516,-1.03091,-0.938232,0.220243,0.116114,-0.308394,-1.045291,-1.604288,-1.743838,0.443416,0.204531,0.096673,0.100667,0.066845,-0.095341
-0.07959649999999997,-0.8464193203124994,-0.06423950000000002,-0.08815685156249992,0.1174308515624998,0.032769367187500016,0.12982788364724404,0.9588567469409591,0.11404731096848816,0.2126930423700959,2.77251763605197,0.2898922019113996,0.589478,0.477661,0.270142,0.158447,0.140381,0.172791,0.834717,0.852905,0.606812,0.408508,0.233826,0.081909,-0.587158,-0.631042,-0.545532,-0.383606,-0.304443,-0.343811,0.418915,0.184024,-0.102798,-0.406931,-0.636229,-0.651942,0.973918,1.561678,2.11961,2.475408,2.591256,2.55983,-0.524909,-0.253533,-0.086553,-0.033023,0.023702,0.254066
-0.08123160156249999,-0.8022079609374998,-0.08577778125,-0.0208204765625,-0.15423447656249986,-0.02969631250000001,0.1471119175842888,0.9071619900254391,0.08838603644009348,0.2023533413195429,2.578833639617211,0.362586383888689,-0.173279,-0.124084,0.147278,0.235291,0.232727,0.297852,0.544373,0.648071,0.935059,0.879456,0.654114,0.39856,-0.032593,-0.094543,-0.338562,-0.441345,-0.443115,-0.381653,0.270311,0.049002,-0.206661,-0.509196,-0.810933,-1.047688,0.853543,0.58989,0.42797,0.455401,0.518251,0.456732,0.03542,-0.082025,-0.077232,0.072704,0.187487,0.243147
-0.11100484375,-0.8060603593749996,-0.0862321953125,0.024952585937499994,0.050629187499999916,0.01917063281250001,0.16579581301342425,0.8256953766014924,0.09314724140930795,0.15258656441707924,2.0110023198704354,0.43468918870091117,0.013062,0.154053,0.234253,0.47644,0.613159,0.612122,0.168579,0.377625,0.44574,0.660339,0.746094,0.650269,-0.151978,-0.329529,-0.410583,-0.527466,-0.633606,-0.662415,0.581901,0.525974,0.290551,0.113451,-0.029028,-0.169111,-0.919057,-0.674845,0.192014,0.691623,1.181911,1.666873,-1.108141,-1.118261,-1.005343,-0.827977,-0.551541,-0.287888
-0.131036296875,-0.811174453125,-0.07361267187500006,0.05591390625,-0.13219060937499977,-0.021186664062499985,0.17787352264427334,0.7172283499250053,0.08792380795677335,0.15518479233093602,1.7271964600012326,0.48396482788931156,-0.371277,-0.253723,-0.14093,-0.048523,0.063293,0.190857,-0.134766,0.088135,0.282837,0.490051,0.671936,0.791443,0.16864,0.132202,0.048584,-0.080811,-0.249023,-0.37561,0.085754,0.105994,0.234358,0.365386,0.373375,0.248473,0.512925,0.311856,0.002929,-0.260457,-0.375506,-0.302002,-0.136088,-0.262321,-0.346477,-0.333428,-0.199471,0.056459
